相对路径,扩展名,字节数,完整性,检查说明,材料属性,口径处理
.DS_Store,[无],18436,通过,非空二进制/辅助文件,系统元数据,不作为送审材料
00_课题总览/00_课题总指南.md,.md,8934,通过,UTF-8/结构可读,项目材料,按现行口径或用途核对
00_课题总览/01_开题论证书_最终版.pdf,.pdf,602324,通过,18页,项目材料,按现行口径或用途核对
00_课题总览/01_开题论证书_最终版_归档版.pdf,.pdf,493693,通过,18页,项目材料,按现行口径或用途核对
00_课题总览/02_课题名称沿革与效力说明.md,.md,1869,通过,UTF-8/结构可读,项目材料,按现行口径或用途核对
00_课题总览/03_课题组成员与分工.md,.md,2909,通过,UTF-8/结构可读,项目材料,按现行口径或用途核对
01_基础研究阶段_2025.03-06/01_文献研究资料/文献综述（论证书已有研究述评整理）.md,.md,1845,通过,UTF-8/结构可读,项目材料,按现行口径或用途核对
01_基础研究阶段_2025.03-06/01_文献研究资料/理论学习论文专著目录.md,.md,4303,通过,UTF-8/结构可读,项目材料,按现行口径或用途核对
01_基础研究阶段_2025.03-06/02_师生需求调研/调研报告框架.md,.md,784,通过,UTF-8/结构可读,项目材料,按现行口径或用途核对
01_基础研究阶段_2025.03-06/02_师生需求调研/需求调研方案.md,.md,1221,通过,UTF-8/结构可读,项目材料,按现行口径或用途核对
01_基础研究阶段_2025.03-06/03_硬件师资评估/资源评估报告框架.md,.md,992,通过,UTF-8/结构可读,项目材料,按现行口径或用途核对
01_基础研究阶段_2025.03-06/04_课程目标与框架设计/三阶六模块课程结构.md,.md,2929,通过,UTF-8/结构可读,项目材料,按现行口径或用途核对
01_基础研究阶段_2025.03-06/04_课程目标与框架设计/课程目标体系.md,.md,1582,通过,UTF-8/结构可读,项目材料,按现行口径或用途核对
01_基础研究阶段_2025.03-06/05_课题组成员理论学习笔记/00_学习笔记总索引.md,.md,2776,通过,UTF-8/结构可读,项目材料,按现行口径或用途核对
01_基础研究阶段_2025.03-06/05_课题组成员理论学习笔记/丁爱梅_学习笔记/丁爱梅_笔记第1篇_3D打印安全操作.md,.md,2085,通过,UTF-8/结构可读,项目材料,按现行口径或用途核对
01_基础研究阶段_2025.03-06/05_课题组成员理论学习笔记/丁爱梅_学习笔记/丁爱梅_笔记第2篇_学校创客空间设备.md,.md,2097,通过,UTF-8/结构可读,项目材料,按现行口径或用途核对
01_基础研究阶段_2025.03-06/05_课题组成员理论学习笔记/丁美霞_学习笔记/丁美霞_笔记第1篇_产品造型设计基础.md,.md,2079,通过,UTF-8/结构可读,项目材料,按现行口径或用途核对
01_基础研究阶段_2025.03-06/05_课题组成员理论学习笔记/丁美霞_学习笔记/丁美霞_笔记第2篇_STEAM中的艺.md,.md,2076,通过,UTF-8/结构可读,项目材料,按现行口径或用途核对
01_基础研究阶段_2025.03-06/05_课题组成员理论学习笔记/何鹏_学习笔记/何鹏_笔记第1篇_切片软件原理与参.md,.md,2085,通过,UTF-8/结构可读,项目材料,按现行口径或用途核对
01_基础研究阶段_2025.03-06/05_课题组成员理论学习笔记/何鹏_学习笔记/何鹏_笔记第2篇_3D打印材料特性.md,.md,2064,通过,UTF-8/结构可读,项目材料,按现行口径或用途核对
01_基础研究阶段_2025.03-06/05_课题组成员理论学习笔记/吴海燕_学习笔记/吴海燕_笔记第1篇_项目式学习在技术.md,.md,2124,通过,UTF-8/结构可读,项目材料,按现行口径或用途核对
01_基础研究阶段_2025.03-06/05_课题组成员理论学习笔记/吴海燕_学习笔记/吴海燕_笔记第2篇_编程建模教学评价.md,.md,2088,通过,UTF-8/结构可读,项目材料,按现行口径或用途核对
01_基础研究阶段_2025.03-06/05_课题组成员理论学习笔记/崔贻斌_学习笔记/崔贻斌_笔记第1篇_工业设计美学原理.md,.md,2079,通过,UTF-8/结构可读,项目材料,按现行口径或用途核对
01_基础研究阶段_2025.03-06/05_课题组成员理论学习笔记/崔贻斌_学习笔记/崔贻斌_笔记第2篇_3D打印产品设计.md,.md,2085,通过,UTF-8/结构可读,项目材料,按现行口径或用途核对
01_基础研究阶段_2025.03-06/05_课题组成员理论学习笔记/张宜和_学习笔记/张宜和_笔记第1篇_3D打印机硬件原.md,.md,2103,通过,UTF-8/结构可读,项目材料,按现行口径或用途核对
01_基础研究阶段_2025.03-06/05_课题组成员理论学习笔记/张宜和_学习笔记/张宜和_笔记第2篇_FDM打印工艺参.md,.md,2088,通过,UTF-8/结构可读,项目材料,按现行口径或用途核对
01_基础研究阶段_2025.03-06/05_课题组成员理论学习笔记/待补说明.txt,.txt,241,通过,UTF-8/结构可读,项目材料,按现行口径或用途核对
01_基础研究阶段_2025.03-06/05_课题组成员理论学习笔记/王华军_学习笔记/王华军_笔记第1篇_STEAM教育理.md,.md,2112,通过,UTF-8/结构可读,项目材料,按现行口径或用途核对
01_基础研究阶段_2025.03-06/05_课题组成员理论学习笔记/王华军_学习笔记/王华军_笔记第2篇_3D打印教育应用.md,.md,2076,通过,UTF-8/结构可读,项目材料,按现行口径或用途核对
01_基础研究阶段_2025.03-06/05_课题组成员理论学习笔记/王敏_学习笔记/王敏_笔记第1篇_教育研究方法论.md,.md,2049,通过,UTF-8/结构可读,项目材料,按现行口径或用途核对
01_基础研究阶段_2025.03-06/05_课题组成员理论学习笔记/王敏_学习笔记/王敏_笔记第2篇_课堂观察量表设计.md,.md,2058,通过,UTF-8/结构可读,项目材料,按现行口径或用途核对
01_基础研究阶段_2025.03-06/05_课题组成员理论学习笔记/王晓霞_学习笔记/王晓霞_笔记第1篇_配对样本t检验与.md,.md,2109,通过,UTF-8/结构可读,项目材料,按现行口径或用途核对
01_基础研究阶段_2025.03-06/05_课题组成员理论学习笔记/王晓霞_学习笔记/王晓霞_笔记第2篇_学生访谈方法与伦.md,.md,2088,通过,UTF-8/结构可读,项目材料,按现行口径或用途核对
01_基础研究阶段_2025.03-06/05_课题组成员理论学习笔记/石晓凤_学习笔记/石晓凤_笔记第1篇_装配约束与机械设.md,.md,2106,通过,UTF-8/结构可读,项目材料,按现行口径或用途核对
01_基础研究阶段_2025.03-06/05_课题组成员理论学习笔记/石晓凤_学习笔记/石晓凤_笔记第2篇_A2plus装配.md,.md,2338,通过,UTF-8/结构可读,项目材料,按现行口径或用途核对
01_基础研究阶段_2025.03-06/05_课题组成员理论学习笔记/袁海芹_学习笔记/袁海芹_笔记第1篇_参数化几何建模的.md,.md,2115,通过,UTF-8/结构可读,项目材料,按现行口径或用途核对
01_基础研究阶段_2025.03-06/05_课题组成员理论学习笔记/袁海芹_学习笔记/袁海芹_笔记第2篇_高中数学与STE.md,.md,2085,通过,UTF-8/结构可读,项目材料,按现行口径或用途核对
01_基础研究阶段_2025.03-06/05_课题组成员理论学习笔记/钱雯雯_学习笔记/钱雯雯_笔记第1篇_几何约束的数学原.md,.md,2088,通过,UTF-8/结构可读,项目材料,按现行口径或用途核对
01_基础研究阶段_2025.03-06/05_课题组成员理论学习笔记/钱雯雯_学习笔记/钱雯雯_笔记第2篇_空间思维能力培养.md,.md,2079,通过,UTF-8/结构可读,项目材料,按现行口径或用途核对
02_开发设计阶段_2025.07-12/.DS_Store,[无],26628,通过,非空二进制/辅助文件,系统元数据,不作为送审材料
02_开发设计阶段_2025.07-12/00_现行21课时课程实施口径.md,.md,4536,通过,UTF-8/结构可读,项目材料,按现行口径或用途核对
02_开发设计阶段_2025.07-12/01_课程标准与资源包/FreeCAD三维设计与3D打印校本课程大纲.pdf,.pdf,246450,通过,3页,旧版课程PDF,保留对照；现行按21课时口径
02_开发设计阶段_2025.07-12/01_课程标准与资源包/FreeCAD三维设计与3D打印校本课程框架.pdf,.pdf,292416,通过,3页,旧版课程PDF,保留对照；现行按21课时口径
02_开发设计阶段_2025.07-12/01_课程标准与资源包/FreeCAD三维设计与3D打印课程评估方案.pdf,.pdf,257968,通过,3页,旧版课程PDF,保留对照；现行按21课时口径
02_开发设计阶段_2025.07-12/01_课程标准与资源包/STEAM融合点对照说明_依据开题论证书.md,.md,3781,通过,UTF-8/结构可读,项目材料,按现行口径或用途核对
02_开发设计阶段_2025.07-12/01_课程标准与资源包/《FreeCAD三维设计与3D打印》校本课程设计方案.pdf,.pdf,339023,通过,3页,旧版课程PDF,保留对照；现行按21课时口径
02_开发设计阶段_2025.07-12/01_课程标准与资源包/课程方案与开题论证书差异说明.md,.md,2762,通过,UTF-8/结构可读,项目材料,按现行口径或用途核对
02_开发设计阶段_2025.07-12/02_六模块教学设计/模块一_3D打印新视界与STEAM启蒙.pdf,.pdf,370786,通过,4页,旧版教学设计PDF,保留对照；教师备课须对照新网站/PPT
02_开发设计阶段_2025.07-12/02_六模块教学设计/模块三_编程建模入门与逻辑构建.pdf,.pdf,351477,通过,4页,旧版教学设计PDF,保留对照；教师备课须对照新网站/PPT
02_开发设计阶段_2025.07-12/02_六模块教学设计/模块二_手动建模基础与实践（FreeCAD）.pdf,.pdf,336462,通过,4页,旧版教学设计PDF,保留对照；教师备课须对照新网站/PPT
02_开发设计阶段_2025.07-12/02_六模块教学设计/模块五_3D打印准备切片操作与实践.pdf,.pdf,354134,通过,4页,旧版教学设计PDF,保留对照；教师备课须对照新网站/PPT
02_开发设计阶段_2025.07-12/02_六模块教学设计/模块六_综合STEAM项目设计与成果展示.pdf,.pdf,392019,通过,4页,旧版教学设计PDF,保留对照；教师备课须对照新网站/PPT
02_开发设计阶段_2025.07-12/02_六模块教学设计/模块六附件_毕业项目.pdf,.pdf,397525,通过,4页,旧版教学设计PDF,保留对照；教师备课须对照新网站/PPT
02_开发设计阶段_2025.07-12/02_六模块教学设计/模块四_编程建模进阶与项目挑战.pdf,.pdf,359968,通过,4页,旧版教学设计PDF,保留对照；教师备课须对照新网站/PPT
02_开发设计阶段_2025.07-12/02_六模块教学设计/模块教学设计说明.md,.md,1837,通过,UTF-8/结构可读,项目材料,按现行口径或用途核对
02_开发设计阶段_2025.07-12/03_教学样件_FCStd与STL/01_钥匙扣.20260726-012651.FCBak,.fcbak,5336,通过,压缩结构完整,项目材料,按现行口径或用途核对
02_开发设计阶段_2025.07-12/03_教学样件_FCStd与STL/01_钥匙扣.FCStd,.fcstd,9758,通过,压缩结构完整,项目材料,按现行口径或用途核对
02_开发设计阶段_2025.07-12/03_教学样件_FCStd与STL/01_钥匙扣.stl,.stl,26484,通过,STL头与长度正常,项目材料,按现行口径或用途核对
02_开发设计阶段_2025.07-12/03_教学样件_FCStd与STL/01b_模块二_钥匙扣_手动建模版.20260726-011321.FCBak,.fcbak,15938,通过,压缩结构完整,项目材料,按现行口径或用途核对
02_开发设计阶段_2025.07-12/03_教学样件_FCStd与STL/01b_模块二_钥匙扣_手动建模版.FCStd,.fcstd,27229,通过,压缩结构完整,项目材料,按现行口径或用途核对
02_开发设计阶段_2025.07-12/03_教学样件_FCStd与STL/01b_模块二_钥匙扣_手动建模版.stl,.stl,26084,通过,STL头与长度正常,项目材料,按现行口径或用途核对
02_开发设计阶段_2025.07-12/03_教学样件_FCStd与STL/02_笔筒.20260726-013348.FCBak,.fcbak,4420,通过,压缩结构完整,项目材料,按现行口径或用途核对
02_开发设计阶段_2025.07-12/03_教学样件_FCStd与STL/02_笔筒.FCStd,.fcstd,9080,通过,压缩结构完整,项目材料,按现行口径或用途核对
02_开发设计阶段_2025.07-12/03_教学样件_FCStd与STL/02_笔筒.stl,.stl,6084,通过,STL头与长度正常,项目材料,按现行口径或用途核对
02_开发设计阶段_2025.07-12/03_教学样件_FCStd与STL/03_手机支架.20260726-043012.FCBak,.fcbak,6456,通过,压缩结构完整,项目材料,按现行口径或用途核对
02_开发设计阶段_2025.07-12/03_教学样件_FCStd与STL/03_手机支架.FCStd,.fcstd,6458,通过,压缩结构完整,项目材料,按现行口径或用途核对
02_开发设计阶段_2025.07-12/03_教学样件_FCStd与STL/03_手机支架.stl,.stl,3684,通过,STL头与长度正常,项目材料,按现行口径或用途核对
02_开发设计阶段_2025.07-12/03_教学样件_FCStd与STL/04_乐高式积木块_2x4.20260726-003702.FCBak,.fcbak,6092,通过,压缩结构完整,项目材料,按现行口径或用途核对
02_开发设计阶段_2025.07-12/03_教学样件_FCStd与STL/04_乐高式积木块_2x4.FCStd,.fcstd,8727,通过,压缩结构完整,项目材料,按现行口径或用途核对
02_开发设计阶段_2025.07-12/03_教学样件_FCStd与STL/04_乐高式积木块_2x4.stl,.stl,76084,通过,STL头与长度正常,项目材料,按现行口径或用途核对
02_开发设计阶段_2025.07-12/03_教学样件_FCStd与STL/05_带盖储物盒.20260726-044448.FCBak,.fcbak,19853,通过,压缩结构完整,项目材料,按现行口径或用途核对
02_开发设计阶段_2025.07-12/03_教学样件_FCStd与STL/05_带盖储物盒.FCStd,.fcstd,14921,通过,压缩结构完整,项目材料,按现行口径或用途核对
02_开发设计阶段_2025.07-12/03_教学样件_FCStd与STL/05_带盖储物盒.stl,.stl,6884,通过,STL头与长度正常,项目材料,按现行口径或用途核对
02_开发设计阶段_2025.07-12/03_教学样件_FCStd与STL/06_模块一_3D打印启蒙演示.FCStd,.fcstd,9068,通过,压缩结构完整,项目材料,按现行口径或用途核对
02_开发设计阶段_2025.07-12/03_教学样件_FCStd与STL/06_模块一_3D打印启蒙演示.stl,.stl,170884,通过,STL头与长度正常,项目材料,按现行口径或用途核对
02_开发设计阶段_2025.07-12/03_教学样件_FCStd与STL/07_模块五_正弦拱桁架桥_有限元分析.FCStd,.fcstd,1255161,通过,压缩结构完整,项目材料,按现行口径或用途核对
02_开发设计阶段_2025.07-12/03_教学样件_FCStd与STL/07_模块五_正弦拱桁架桥_有限元分析.stl,.stl,2043784,通过,STL头与长度正常,项目材料,按现行口径或用途核对
02_开发设计阶段_2025.07-12/03_教学样件_FCStd与STL/08_模块五_切片参数对比演示块.20260726-010010.FCBak,.fcbak,13042,通过,压缩结构完整,项目材料,按现行口径或用途核对
02_开发设计阶段_2025.07-12/03_教学样件_FCStd与STL/08_模块五_切片参数对比演示块.FCStd,.fcstd,6952,通过,压缩结构完整,项目材料,按现行口径或用途核对
02_开发设计阶段_2025.07-12/03_教学样件_FCStd与STL/08_模块五_切片参数对比演示块.stl,.stl,3084,通过,STL头与长度正常,项目材料,按现行口径或用途核对
02_开发设计阶段_2025.07-12/03_教学样件_FCStd与STL/10_毕业项目_多功能桌面收纳站_参考.20260726-035649.FCBak,.fcbak,13071,通过,压缩结构完整,项目材料,按现行口径或用途核对
02_开发设计阶段_2025.07-12/03_教学样件_FCStd与STL/10_毕业项目_多功能桌面收纳站_参考.FCStd,.fcstd,14905,通过,压缩结构完整,项目材料,按现行口径或用途核对
02_开发设计阶段_2025.07-12/03_教学样件_FCStd与STL/10_毕业项目_多功能桌面收纳站_参考.stl,.stl,108684,通过,STL头与长度正常,项目材料,按现行口径或用途核对
02_开发设计阶段_2025.07-12/03_教学样件_FCStd与STL/_作品说明.md,.md,5728,通过,UTF-8/结构可读,项目材料,按现行口径或用途核对
02_开发设计阶段_2025.07-12/03_教学样件_FCStd与STL/学生参考样件总说明.md,.md,5334,通过,UTF-8/结构可读,项目材料,按现行口径或用途核对
02_开发设计阶段_2025.07-12/03_教学样件_FCStd与STL/样件轴测图/01_钥匙扣.png,.png,30784,通过,图像可解码,项目材料,按现行口径或用途核对
02_开发设计阶段_2025.07-12/03_教学样件_FCStd与STL/样件轴测图/01b_模块二_钥匙扣_手动建模版.png,.png,30557,通过,图像可解码,项目材料,按现行口径或用途核对
02_开发设计阶段_2025.07-12/03_教学样件_FCStd与STL/样件轴测图/02_笔筒.png,.png,24671,通过,图像可解码,项目材料,按现行口径或用途核对
02_开发设计阶段_2025.07-12/03_教学样件_FCStd与STL/样件轴测图/03_手机支架.png,.png,16856,通过,图像可解码,项目材料,按现行口径或用途核对
02_开发设计阶段_2025.07-12/03_教学样件_FCStd与STL/样件轴测图/04_乐高式积木块_2x4.png,.png,34966,通过,图像可解码,项目材料,按现行口径或用途核对
02_开发设计阶段_2025.07-12/03_教学样件_FCStd与STL/样件轴测图/05_带盖储物盒.png,.png,41230,通过,图像可解码,项目材料,按现行口径或用途核对
02_开发设计阶段_2025.07-12/03_教学样件_FCStd与STL/样件轴测图/05_带盖储物盒_槽口细节.png,.png,33183,通过,图像可解码,项目材料,按现行口径或用途核对
02_开发设计阶段_2025.07-12/03_教学样件_FCStd与STL/样件轴测图/05_带盖储物盒_装配动画.gif,.gif,556446,通过,图像可解码,项目材料,按现行口径或用途核对
02_开发设计阶段_2025.07-12/03_教学样件_FCStd与STL/样件轴测图/05_带盖储物盒_装配动画.mp4,.mp4,246338,通过,MP4容器头正常,项目材料,按现行口径或用途核对
02_开发设计阶段_2025.07-12/03_教学样件_FCStd与STL/样件轴测图/06_模块一_3D打印启蒙演示.png,.png,19414,通过,图像可解码,项目材料,按现行口径或用途核对
02_开发设计阶段_2025.07-12/03_教学样件_FCStd与STL/样件轴测图/07_模块五_桥梁FEM变形对比.png,.png,37520,通过,图像可解码,项目材料,按现行口径或用途核对
02_开发设计阶段_2025.07-12/03_教学样件_FCStd与STL/样件轴测图/07_模块五_正弦拱桁架桥_有限元分析.png,.png,172529,通过,图像可解码,项目材料,按现行口径或用途核对
02_开发设计阶段_2025.07-12/03_教学样件_FCStd与STL/样件轴测图/08_模块五_切片参数对比演示块.png,.png,27497,通过,图像可解码,项目材料,按现行口径或用途核对
02_开发设计阶段_2025.07-12/03_教学样件_FCStd与STL/样件轴测图/10_毕业项目_多功能桌面收纳站_参考.png,.png,33885,通过,图像可解码,项目材料,按现行口径或用途核对
02_开发设计阶段_2025.07-12/03_教学样件_FCStd与STL/桥梁有限元分析/FEM结果摘要.json,.json,391,通过,UTF-8/结构可读,项目材料,按现行口径或用途核对
02_开发设计阶段_2025.07-12/03_教学样件_FCStd与STL/桥梁有限元分析/bridge_b31_100N_v1.12d,.12d,1232,通过,非空二进制/辅助文件,项目材料,按现行口径或用途核对
02_开发设计阶段_2025.07-12/03_教学样件_FCStd与STL/桥梁有限元分析/bridge_b31_100N_v1.cvg,.cvg,274,通过,UTF-8/结构可读,项目材料,按现行口径或用途核对
02_开发设计阶段_2025.07-12/03_教学样件_FCStd与STL/桥梁有限元分析/bridge_b31_100N_v1.dat,.dat,0,通过,失败求解轮次产生的零字节辅助文件；不作为FEM有效结果,项目材料,按现行口径或用途核对
02_开发设计阶段_2025.07-12/03_教学样件_FCStd与STL/桥梁有限元分析/bridge_b31_100N_v1.inp,.inp,2592,通过,UTF-8/结构可读,项目材料,按现行口径或用途核对
02_开发设计阶段_2025.07-12/03_教学样件_FCStd与STL/桥梁有限元分析/bridge_b31_100N_v1.sta,.sta,98,通过,UTF-8/结构可读,项目材料,按现行口径或用途核对
02_开发设计阶段_2025.07-12/03_教学样件_FCStd与STL/桥梁有限元分析/bridge_b31_100N_v1_stdout_failed.log,.log,408,通过,UTF-8/结构可读,项目材料,按现行口径或用途核对
02_开发设计阶段_2025.07-12/03_教学样件_FCStd与STL/桥梁有限元分析/bridge_b31_100N_v2.12d,.12d,24288,通过,非空二进制/辅助文件,项目材料,按现行口径或用途核对
02_开发设计阶段_2025.07-12/03_教学样件_FCStd与STL/桥梁有限元分析/bridge_b31_100N_v2.cvg,.cvg,274,通过,UTF-8/结构可读,项目材料,按现行口径或用途核对
02_开发设计阶段_2025.07-12/03_教学样件_FCStd与STL/桥梁有限元分析/bridge_b31_100N_v2.dat,.dat,1641,通过,UTF-8/结构可读,项目材料,按现行口径或用途核对
02_开发设计阶段_2025.07-12/03_教学样件_FCStd与STL/桥梁有限元分析/bridge_b31_100N_v2.frd,.frd,195766,通过,非空二进制/辅助文件,项目材料,按现行口径或用途核对
02_开发设计阶段_2025.07-12/03_教学样件_FCStd与STL/桥梁有限元分析/bridge_b31_100N_v2.inp,.inp,2606,通过,UTF-8/结构可读,项目材料,按现行口径或用途核对
02_开发设计阶段_2025.07-12/03_教学样件_FCStd与STL/桥梁有限元分析/bridge_b31_100N_v2.sta,.sta,170,通过,UTF-8/结构可读,项目材料,按现行口径或用途核对
02_开发设计阶段_2025.07-12/03_教学样件_FCStd与STL/桥梁有限元分析/ccx_stdout.log,.log,2509,通过,UTF-8/结构可读,项目材料,按现行口径或用途核对
02_开发设计阶段_2025.07-12/03_教学样件_FCStd与STL/桥梁有限元分析/spooles.out,.out,0,通过,失败求解轮次产生的零字节辅助文件；不作为FEM有效结果,项目材料,按现行口径或用途核对
02_开发设计阶段_2025.07-12/03_教学样件_FCStd与STL/生成代码/01_钥匙扣.py,.py,7342,通过,UTF-8/结构可读,项目材料,按现行口径或用途核对
02_开发设计阶段_2025.07-12/03_教学样件_FCStd与STL/生成代码/01b_模块二_钥匙扣_手动建模版.py,.py,6486,通过,UTF-8/结构可读,项目材料,按现行口径或用途核对
02_开发设计阶段_2025.07-12/03_教学样件_FCStd与STL/生成代码/02_笔筒.py,.py,5854,通过,UTF-8/结构可读,项目材料,按现行口径或用途核对
02_开发设计阶段_2025.07-12/03_教学样件_FCStd与STL/生成代码/03_手机支架.py,.py,10211,通过,UTF-8/结构可读,项目材料,按现行口径或用途核对
02_开发设计阶段_2025.07-12/03_教学样件_FCStd与STL/生成代码/04_乐高式积木块_2x4.py,.py,6712,通过,UTF-8/结构可读,项目材料,按现行口径或用途核对
02_开发设计阶段_2025.07-12/03_教学样件_FCStd与STL/生成代码/05_带盖储物盒.py,.py,13431,通过,UTF-8/结构可读,项目材料,按现行口径或用途核对
02_开发设计阶段_2025.07-12/03_教学样件_FCStd与STL/生成代码/06_模块一_3D打印启蒙演示.py,.py,2609,通过,UTF-8/结构可读,项目材料,按现行口径或用途核对
02_开发设计阶段_2025.07-12/03_教学样件_FCStd与STL/生成代码/07_模块五_正弦拱桁架桥_有限元分析.py,.py,27188,通过,UTF-8/结构可读,项目材料,按现行口径或用途核对
02_开发设计阶段_2025.07-12/03_教学样件_FCStd与STL/生成代码/08_模块五_切片参数对比演示块.py,.py,4729,通过,UTF-8/结构可读,项目材料,按现行口径或用途核对
02_开发设计阶段_2025.07-12/03_教学样件_FCStd与STL/生成代码/10_毕业项目_多功能桌面收纳站_参考.py,.py,8415,通过,UTF-8/结构可读,项目材料,按现行口径或用途核对
02_开发设计阶段_2025.07-12/03_教学样件_FCStd与STL/生成代码/__pycache__/01_钥匙扣.cpython-314.pyc,.pyc,6717,通过,非空二进制/辅助文件,项目材料,按现行口径或用途核对
02_开发设计阶段_2025.07-12/03_教学样件_FCStd与STL/生成代码/__pycache__/01b_模块二_钥匙扣_手动建模版.cpython-314.pyc,.pyc,6432,通过,非空二进制/辅助文件,项目材料,按现行口径或用途核对
02_开发设计阶段_2025.07-12/03_教学样件_FCStd与STL/生成代码/__pycache__/02_笔筒.cpython-314.pyc,.pyc,5334,通过,非空二进制/辅助文件,项目材料,按现行口径或用途核对
02_开发设计阶段_2025.07-12/03_教学样件_FCStd与STL/生成代码/__pycache__/03_手机支架.cpython-314.pyc,.pyc,7758,通过,非空二进制/辅助文件,项目材料,按现行口径或用途核对
02_开发设计阶段_2025.07-12/03_教学样件_FCStd与STL/生成代码/__pycache__/04_乐高式积木块_2x4.cpython-314.pyc,.pyc,6018,通过,非空二进制/辅助文件,项目材料,按现行口径或用途核对
02_开发设计阶段_2025.07-12/03_教学样件_FCStd与STL/生成代码/__pycache__/05_带盖储物盒.cpython-314.pyc,.pyc,12217,通过,非空二进制/辅助文件,项目材料,按现行口径或用途核对
02_开发设计阶段_2025.07-12/03_教学样件_FCStd与STL/生成代码/__pycache__/06_模块一_3D打印启蒙演示.cpython-314.pyc,.pyc,2321,通过,非空二进制/辅助文件,项目材料,按现行口径或用途核对
02_开发设计阶段_2025.07-12/03_教学样件_FCStd与STL/生成代码/__pycache__/07_模块五_正弦拱桁架桥_有限元分析.cpython-314.pyc,.pyc,23085,通过,非空二进制/辅助文件,项目材料,按现行口径或用途核对
02_开发设计阶段_2025.07-12/03_教学样件_FCStd与STL/生成代码/__pycache__/08_模块五_切片参数对比演示块.cpython-314.pyc,.pyc,4206,通过,非空二进制/辅助文件,项目材料,按现行口径或用途核对
02_开发设计阶段_2025.07-12/03_教学样件_FCStd与STL/生成代码/__pycache__/10_毕业项目_多功能桌面收纳站_参考.cpython-314.pyc,.pyc,8760,通过,非空二进制/辅助文件,项目材料,按现行口径或用途核对
02_开发设计阶段_2025.07-12/04_PBL项目链设计/PBL项目链设计框架.md,.md,1723,通过,UTF-8/结构可读,项目材料,按现行口径或用途核对
02_开发设计阶段_2025.07-12/05_教师培训方案/教师培训方案框架.md,.md,1036,通过,UTF-8/结构可读,项目材料,按现行口径或用途核对
02_开发设计阶段_2025.07-12/06_配套资源包/3D打印技术指南框架.md,.md,607,通过,UTF-8/结构可读,项目材料,按现行口径或用途核对
02_开发设计阶段_2025.07-12/06_配套资源包/编程建模学习手册框架.md,.md,1526,通过,UTF-8/结构可读,项目材料,按现行口径或用途核对
02_开发设计阶段_2025.07-12/06_配套资源包/项目任务卡与评价量规框架.md,.md,1621,通过,UTF-8/结构可读,项目材料,按现行口径或用途核对
02_开发设计阶段_2025.07-12/新PPT/assets/images/01_钥匙扣.png,.png,30784,通过,图像可解码,现行执行基准,PPT HTML六模块资源
02_开发设计阶段_2025.07-12/新PPT/assets/images/01b_模块二_钥匙扣_手动建模版.png,.png,19035,通过,图像可解码,现行执行基准,PPT HTML六模块资源
02_开发设计阶段_2025.07-12/新PPT/assets/images/02_笔筒.png,.png,24671,通过,图像可解码,现行执行基准,PPT HTML六模块资源
02_开发设计阶段_2025.07-12/新PPT/assets/images/03_手机支架.png,.png,16839,通过,图像可解码,现行执行基准,PPT HTML六模块资源
02_开发设计阶段_2025.07-12/新PPT/assets/images/04_乐高式积木块_2x4.png,.png,34966,通过,图像可解码,现行执行基准,PPT HTML六模块资源
02_开发设计阶段_2025.07-12/新PPT/assets/images/05_带盖储物盒.png,.png,41230,通过,图像可解码,现行执行基准,PPT HTML六模块资源
02_开发设计阶段_2025.07-12/新PPT/assets/images/05_带盖储物盒_装配动画.gif,.gif,556446,通过,图像可解码,现行执行基准,PPT HTML六模块资源
02_开发设计阶段_2025.07-12/新PPT/assets/images/06_模块一_3D打印启蒙演示.png,.png,38601,通过,图像可解码,现行执行基准,PPT HTML六模块资源
02_开发设计阶段_2025.07-12/新PPT/assets/images/07_模块五_桥梁FEM变形对比.png,.png,37520,通过,图像可解码,现行执行基准,PPT HTML六模块资源
02_开发设计阶段_2025.07-12/新PPT/assets/images/07_模块五_正弦拱桁架桥_有限元分析.png,.png,172529,通过,图像可解码,现行执行基准,PPT HTML六模块资源
02_开发设计阶段_2025.07-12/新PPT/assets/images/08_模块五_切片参数对比演示块.png,.png,27497,通过,图像可解码,现行执行基准,PPT HTML六模块资源
02_开发设计阶段_2025.07-12/新PPT/assets/images/10_毕业项目_多功能桌面收纳站_参考.png,.png,33885,通过,图像可解码,现行执行基准,PPT HTML六模块资源
02_开发设计阶段_2025.07-12/新PPT/css/ppt.css,.css,6010,通过,UTF-8/结构可读,现行执行基准,PPT HTML六模块资源
02_开发设计阶段_2025.07-12/新PPT/index.html,.html,4159,通过,UTF-8/结构可读,现行执行基准,PPT HTML六模块资源
02_开发设计阶段_2025.07-12/新PPT/module1.ppt.html,.html,5813,通过,UTF-8/结构可读,现行执行基准,PPT HTML六模块资源
02_开发设计阶段_2025.07-12/新PPT/module2.ppt.html,.html,5897,通过,UTF-8/结构可读,现行执行基准,PPT HTML六模块资源
02_开发设计阶段_2025.07-12/新PPT/module3.ppt.html,.html,14093,通过,UTF-8/结构可读,现行执行基准,PPT HTML六模块资源
02_开发设计阶段_2025.07-12/新PPT/module4.ppt.html,.html,6062,通过,UTF-8/结构可读,现行执行基准,PPT HTML六模块资源
02_开发设计阶段_2025.07-12/新PPT/module5.ppt.html,.html,6390,通过,UTF-8/结构可读,现行执行基准,PPT HTML六模块资源
02_开发设计阶段_2025.07-12/新PPT/module6.ppt.html,.html,6597,通过,UTF-8/结构可读,现行执行基准,PPT HTML六模块资源
02_开发设计阶段_2025.07-12/新网站/assets/images/01_钥匙扣.png,.png,30784,通过,图像可解码,现行执行基准,网站21课时资源
02_开发设计阶段_2025.07-12/新网站/assets/images/01b_模块二_钥匙扣_手动建模版.png,.png,19035,通过,图像可解码,现行执行基准,网站21课时资源
02_开发设计阶段_2025.07-12/新网站/assets/images/02_笔筒.png,.png,24671,通过,图像可解码,现行执行基准,网站21课时资源
02_开发设计阶段_2025.07-12/新网站/assets/images/03_手机支架.png,.png,16844,通过,图像可解码,现行执行基准,网站21课时资源
02_开发设计阶段_2025.07-12/新网站/assets/images/04_乐高式积木块_2x4.png,.png,34966,通过,图像可解码,现行执行基准,网站21课时资源
02_开发设计阶段_2025.07-12/新网站/assets/images/05_带盖储物盒.png,.png,41230,通过,图像可解码,现行执行基准,网站21课时资源
02_开发设计阶段_2025.07-12/新网站/assets/images/05_带盖储物盒_装配动画.gif,.gif,556446,通过,图像可解码,现行执行基准,网站21课时资源
02_开发设计阶段_2025.07-12/新网站/assets/images/06_模块一_3D打印启蒙演示.png,.png,38601,通过,图像可解码,现行执行基准,网站21课时资源
02_开发设计阶段_2025.07-12/新网站/assets/images/07_模块五_桥梁FEM变形对比.png,.png,37520,通过,图像可解码,现行执行基准,网站21课时资源
02_开发设计阶段_2025.07-12/新网站/assets/images/07_模块五_正弦拱桁架桥_有限元分析.png,.png,172529,通过,图像可解码,现行执行基准,网站21课时资源
02_开发设计阶段_2025.07-12/新网站/assets/images/08_模块五_切片参数对比演示块.png,.png,27497,通过,图像可解码,现行执行基准,网站21课时资源
02_开发设计阶段_2025.07-12/新网站/assets/images/10_毕业项目_多功能桌面收纳站_参考.png,.png,33885,通过,图像可解码,现行执行基准,网站21课时资源
02_开发设计阶段_2025.07-12/新网站/css/style.css,.css,13247,通过,UTF-8/结构可读,现行执行基准,网站21课时资源
02_开发设计阶段_2025.07-12/新网站/index.html,.html,10338,通过,UTF-8/结构可读,现行执行基准,网站21课时资源
02_开发设计阶段_2025.07-12/新网站/js/main.js,.js,4451,通过,UTF-8/结构可读,现行执行基准,网站21课时资源
02_开发设计阶段_2025.07-12/新网站/module1/index.html,.html,2587,通过,UTF-8/结构可读,现行执行基准,网站21课时资源
02_开发设计阶段_2025.07-12/新网站/module1/lesson01.html,.html,7308,通过,UTF-8/结构可读,现行执行基准,网站21课时资源
02_开发设计阶段_2025.07-12/新网站/module1/lesson02.html,.html,7227,通过,UTF-8/结构可读,现行执行基准,网站21课时资源
02_开发设计阶段_2025.07-12/新网站/module2/index.html,.html,2999,通过,UTF-8/结构可读,现行执行基准,网站21课时资源
02_开发设计阶段_2025.07-12/新网站/module2/lesson03.html,.html,4968,通过,UTF-8/结构可读,现行执行基准,网站21课时资源
02_开发设计阶段_2025.07-12/新网站/module2/lesson04.html,.html,6208,通过,UTF-8/结构可读,现行执行基准,网站21课时资源
02_开发设计阶段_2025.07-12/新网站/module2/lesson05.html,.html,5716,通过,UTF-8/结构可读,现行执行基准,网站21课时资源
02_开发设计阶段_2025.07-12/新网站/module3/index.html,.html,3274,通过,UTF-8/结构可读,现行执行基准,网站21课时资源
02_开发设计阶段_2025.07-12/新网站/module3/lesson06.html,.html,4249,通过,UTF-8/结构可读,现行执行基准,网站21课时资源
02_开发设计阶段_2025.07-12/新网站/module3/lesson07.html,.html,3897,通过,UTF-8/结构可读,现行执行基准,网站21课时资源
02_开发设计阶段_2025.07-12/新网站/module3/lesson08.html,.html,4193,通过,UTF-8/结构可读,现行执行基准,网站21课时资源
02_开发设计阶段_2025.07-12/新网站/module3/lesson09.html,.html,2551,通过,UTF-8/结构可读,现行执行基准,网站21课时资源
02_开发设计阶段_2025.07-12/新网站/module4/index.html,.html,2425,通过,UTF-8/结构可读,现行执行基准,网站21课时资源
02_开发设计阶段_2025.07-12/新网站/module4/lesson10.html,.html,1962,通过,UTF-8/结构可读,现行执行基准,网站21课时资源
02_开发设计阶段_2025.07-12/新网站/module4/lesson11.html,.html,1946,通过,UTF-8/结构可读,现行执行基准,网站21课时资源
02_开发设计阶段_2025.07-12/新网站/module4/lesson12.html,.html,1990,通过,UTF-8/结构可读,现行执行基准,网站21课时资源
02_开发设计阶段_2025.07-12/新网站/module4/lesson13.html,.html,2003,通过,UTF-8/结构可读,现行执行基准,网站21课时资源
02_开发设计阶段_2025.07-12/新网站/module5/index.html,.html,2458,通过,UTF-8/结构可读,现行执行基准,网站21课时资源
02_开发设计阶段_2025.07-12/新网站/module5/lesson14.html,.html,1859,通过,UTF-8/结构可读,现行执行基准,网站21课时资源
02_开发设计阶段_2025.07-12/新网站/module5/lesson15.html,.html,2127,通过,UTF-8/结构可读,现行执行基准,网站21课时资源
02_开发设计阶段_2025.07-12/新网站/module5/lesson16.html,.html,1580,通过,UTF-8/结构可读,现行执行基准,网站21课时资源
02_开发设计阶段_2025.07-12/新网站/module5/lesson17.html,.html,1807,通过,UTF-8/结构可读,现行执行基准,网站21课时资源
02_开发设计阶段_2025.07-12/新网站/module6/index.html,.html,2731,通过,UTF-8/结构可读,现行执行基准,网站21课时资源
02_开发设计阶段_2025.07-12/新网站/module6/lesson18.html,.html,4334,通过,UTF-8/结构可读,现行执行基准,网站21课时资源
02_开发设计阶段_2025.07-12/新网站/module6/lesson19.html,.html,3284,通过,UTF-8/结构可读,现行执行基准,网站21课时资源
02_开发设计阶段_2025.07-12/新网站/module6/lesson20.html,.html,3218,通过,UTF-8/结构可读,现行执行基准,网站21课时资源
02_开发设计阶段_2025.07-12/新网站/module6/lesson21.html,.html,4033,通过,UTF-8/结构可读,现行执行基准,网站21课时资源
03_实践验证阶段_2026.01-12/.DS_Store,[无],14340,通过,非空二进制/辅助文件,系统元数据,不作为送审材料
03_实践验证阶段_2026.01-12/01_实验班实施/05_学生姓名与班级_正式名单_内部使用.txt,.txt,1896,通过,UTF-8/结构可读,内部敏感材料,仅限课题组内部使用，不送审公开
03_实践验证阶段_2026.01-12/01_实验班实施/学生名单_内部使用.md,.md,3376,通过,UTF-8/结构可读,内部敏感材料,仅限课题组内部使用，不送审公开
03_实践验证阶段_2026.01-12/02_研究课完整记录/.DS_Store,[无],10244,通过,非空二进制/辅助文件,系统元数据,不作为送审材料
03_实践验证阶段_2026.01-12/02_研究课完整记录/归档_旧A2plus口径/01_研究活动记录_第2份_旧A2plus.md,.md,3728,通过,UTF-8/结构可读,历史归档,旧A2plus口径，仅作过程证据
03_实践验证阶段_2026.01-12/02_研究课完整记录/归档_旧A2plus口径/02_课堂实施与反思_第2份_旧A2plus.md,.md,5309,通过,UTF-8/结构可读,历史归档,旧A2plus口径，仅作过程证据
03_实践验证阶段_2026.01-12/02_研究课完整记录/归档_旧A2plus口径/03_听课评课记录_第2份_旧A2plus.md,.md,3959,通过,UTF-8/结构可读,历史归档,旧A2plus口径，仅作过程证据
03_实践验证阶段_2026.01-12/02_研究课完整记录/归档_旧A2plus口径/README.md,.md,597,通过,UTF-8/结构可读,历史归档,旧A2plus口径，仅作过程证据
03_实践验证阶段_2026.01-12/02_研究课完整记录/归档_旧A2plus口径/研究课2教学设计_旧A2plus积木装配.md,.md,5159,通过,UTF-8/结构可读,历史归档,旧A2plus口径，仅作过程证据
03_实践验证阶段_2026.01-12/02_研究课完整记录/研究课教学设计/研究课1教学设计_2025-11-08_选修一班_笔筒建模.md,.md,4138,通过,UTF-8/结构可读,项目材料,按现行口径或用途核对
03_实践验证阶段_2026.01-12/02_研究课完整记录/研究课教学设计/研究课2教学设计_2026-03-14_选修二班_储物盒原生装配.md,.md,3380,通过,UTF-8/结构可读,项目材料,按现行口径或用途核对
03_实践验证阶段_2026.01-12/02_研究课完整记录/过程性材料模板/00_使用说明.md,.md,1382,通过,UTF-8/结构可读,项目材料,按现行口径或用途核对
03_实践验证阶段_2026.01-12/02_研究课完整记录/过程性材料模板/00_访谈抽样清单.md,.md,2096,通过,UTF-8/结构可读,项目材料,按现行口径或用途核对
03_实践验证阶段_2026.01-12/02_研究课完整记录/过程性材料模板/01_研究活动记录_第1份.md,.md,3938,通过,UTF-8/结构可读,项目材料,按现行口径或用途核对
03_实践验证阶段_2026.01-12/02_研究课完整记录/过程性材料模板/01_研究活动记录_第2份.md,.md,1239,通过,UTF-8/结构可读,项目材料,按现行口径或用途核对
03_实践验证阶段_2026.01-12/02_研究课完整记录/过程性材料模板/02_课堂实施与反思_第1份.md,.md,4992,通过,UTF-8/结构可读,项目材料,按现行口径或用途核对
03_实践验证阶段_2026.01-12/02_研究课完整记录/过程性材料模板/02_课堂实施与反思_第2份.md,.md,1639,通过,UTF-8/结构可读,项目材料,按现行口径或用途核对
03_实践验证阶段_2026.01-12/02_研究课完整记录/过程性材料模板/03_听课评课记录_第1份.md,.md,3911,通过,UTF-8/结构可读,项目材料,按现行口径或用途核对
03_实践验证阶段_2026.01-12/02_研究课完整记录/过程性材料模板/03_听课评课记录_第2份.md,.md,1263,通过,UTF-8/结构可读,项目材料,按现行口径或用途核对
03_实践验证阶段_2026.01-12/02_研究课完整记录/过程性材料模板/04_学生访谈记录_第1份.md,.md,5693,通过,UTF-8/结构可读,项目材料,按现行口径或用途核对
03_实践验证阶段_2026.01-12/02_研究课完整记录/过程性材料模板/04_学生访谈记录_第2份.md,.md,5688,通过,UTF-8/结构可读,项目材料,按现行口径或用途核对
03_实践验证阶段_2026.01-12/02_研究课完整记录/过程性材料模板/05_阶段工作会议纪要_第1份.md,.md,4207,通过,UTF-8/结构可读,项目材料,按现行口径或用途核对
03_实践验证阶段_2026.01-12/02_研究课完整记录/过程性材料模板/05_阶段工作会议纪要_第2份.md,.md,4611,通过,UTF-8/结构可读,项目材料,按现行口径或用途核对
03_实践验证阶段_2026.01-12/02_研究课完整记录/过程性材料模板/06_学生作品评价记录_第1份.md,.md,6726,通过,UTF-8/结构可读,项目材料,按现行口径或用途核对
03_实践验证阶段_2026.01-12/02_研究课完整记录/过程性材料模板/06_学生作品评价记录_第2份.md,.md,7277,通过,UTF-8/结构可读,项目材料,按现行口径或用途核对
03_实践验证阶段_2026.01-12/03_教研复盘记录/教研复盘记录框架.md,.md,976,通过,UTF-8/结构可读,项目材料,按现行口径或用途核对
03_实践验证阶段_2026.01-12/04_数据采集/.DS_Store,[无],8196,通过,非空二进制/辅助文件,系统元数据,不作为送审材料
03_实践验证阶段_2026.01-12/04_数据采集/学生作品收集/.DS_Store,[无],8196,通过,非空二进制/辅助文件,系统元数据,不作为送审材料
03_实践验证阶段_2026.01-12/04_数据采集/学生作品收集/真实学生作品_待提交/.DS_Store,[无],8196,通过,非空二进制/辅助文件,系统元数据,不作为送审材料
03_实践验证阶段_2026.01-12/04_数据采集/学生作品收集/真实学生作品_待提交/_目录索引.md,.md,2956,通过,UTF-8/结构可读,项目材料,按现行口径或用途核对
03_实践验证阶段_2026.01-12/04_数据采集/学生作品收集/真实学生作品_待提交/选修一班_A01/_待提交说明.md,.md,1179,通过,UTF-8/结构可读,项目材料,按现行口径或用途核对
03_实践验证阶段_2026.01-12/04_数据采集/学生作品收集/真实学生作品_待提交/选修一班_A01/参考样件/01_钥匙扣.FCStd,.fcstd,9758,通过,压缩结构完整,学生目录参考样件,仅供参考，不得认定为学生作品
03_实践验证阶段_2026.01-12/04_数据采集/学生作品收集/真实学生作品_待提交/选修一班_A01/参考样件/01_钥匙扣.stl,.stl,26484,通过,STL头与长度正常,学生目录参考样件,仅供参考，不得认定为学生作品
03_实践验证阶段_2026.01-12/04_数据采集/学生作品收集/真实学生作品_待提交/选修一班_A01/参考样件/02_笔筒.FCStd,.fcstd,9080,通过,压缩结构完整,学生目录参考样件,仅供参考，不得认定为学生作品
03_实践验证阶段_2026.01-12/04_数据采集/学生作品收集/真实学生作品_待提交/选修一班_A01/参考样件/02_笔筒.stl,.stl,6084,通过,STL头与长度正常,学生目录参考样件,仅供参考，不得认定为学生作品
03_实践验证阶段_2026.01-12/04_数据采集/学生作品收集/真实学生作品_待提交/选修一班_A01/参考样件/03_乐高式积木块_2x4.FCStd,.fcstd,8727,通过,压缩结构完整,学生目录参考样件,仅供参考，不得认定为学生作品
03_实践验证阶段_2026.01-12/04_数据采集/学生作品收集/真实学生作品_待提交/选修一班_A01/参考样件/03_乐高式积木块_2x4.stl,.stl,76084,通过,STL头与长度正常,学生目录参考样件,仅供参考，不得认定为学生作品
03_实践验证阶段_2026.01-12/04_数据采集/学生作品收集/真实学生作品_待提交/选修一班_A01/参考样件/04_手机支架.FCStd,.fcstd,6458,通过,压缩结构完整,学生目录参考样件,仅供参考，不得认定为学生作品
03_实践验证阶段_2026.01-12/04_数据采集/学生作品收集/真实学生作品_待提交/选修一班_A01/参考样件/04_手机支架.stl,.stl,3684,通过,STL头与长度正常,学生目录参考样件,仅供参考，不得认定为学生作品
03_实践验证阶段_2026.01-12/04_数据采集/学生作品收集/真实学生作品_待提交/选修一班_A01/参考样件/05_带盖储物盒.FCStd,.fcstd,14921,通过,压缩结构完整,学生目录参考样件,仅供参考，不得认定为学生作品
03_实践验证阶段_2026.01-12/04_数据采集/学生作品收集/真实学生作品_待提交/选修一班_A01/参考样件/05_带盖储物盒.stl,.stl,6884,通过,STL头与长度正常,学生目录参考样件,仅供参考，不得认定为学生作品
03_实践验证阶段_2026.01-12/04_数据采集/学生作品收集/真实学生作品_待提交/选修一班_A01/参考样件/06_结课综合项目_参考.FCStd,.fcstd,14905,通过,压缩结构完整,学生目录参考样件,仅供参考，不得认定为学生作品
03_实践验证阶段_2026.01-12/04_数据采集/学生作品收集/真实学生作品_待提交/选修一班_A01/参考样件/06_结课综合项目_参考.stl,.stl,108684,通过,STL头与长度正常,学生目录参考样件,仅供参考，不得认定为学生作品
03_实践验证阶段_2026.01-12/04_数据采集/学生作品收集/真实学生作品_待提交/选修一班_A02/_待提交说明.md,.md,1179,通过,UTF-8/结构可读,项目材料,按现行口径或用途核对
03_实践验证阶段_2026.01-12/04_数据采集/学生作品收集/真实学生作品_待提交/选修一班_A02/参考样件/01_钥匙扣.FCStd,.fcstd,9758,通过,压缩结构完整,学生目录参考样件,仅供参考，不得认定为学生作品
03_实践验证阶段_2026.01-12/04_数据采集/学生作品收集/真实学生作品_待提交/选修一班_A02/参考样件/01_钥匙扣.stl,.stl,26484,通过,STL头与长度正常,学生目录参考样件,仅供参考，不得认定为学生作品
03_实践验证阶段_2026.01-12/04_数据采集/学生作品收集/真实学生作品_待提交/选修一班_A02/参考样件/02_笔筒.FCStd,.fcstd,9080,通过,压缩结构完整,学生目录参考样件,仅供参考，不得认定为学生作品
03_实践验证阶段_2026.01-12/04_数据采集/学生作品收集/真实学生作品_待提交/选修一班_A02/参考样件/02_笔筒.stl,.stl,6084,通过,STL头与长度正常,学生目录参考样件,仅供参考，不得认定为学生作品
03_实践验证阶段_2026.01-12/04_数据采集/学生作品收集/真实学生作品_待提交/选修一班_A02/参考样件/03_乐高式积木块_2x4.FCStd,.fcstd,8727,通过,压缩结构完整,学生目录参考样件,仅供参考，不得认定为学生作品
03_实践验证阶段_2026.01-12/04_数据采集/学生作品收集/真实学生作品_待提交/选修一班_A02/参考样件/03_乐高式积木块_2x4.stl,.stl,76084,通过,STL头与长度正常,学生目录参考样件,仅供参考，不得认定为学生作品
03_实践验证阶段_2026.01-12/04_数据采集/学生作品收集/真实学生作品_待提交/选修一班_A02/参考样件/04_手机支架.FCStd,.fcstd,6458,通过,压缩结构完整,学生目录参考样件,仅供参考，不得认定为学生作品
03_实践验证阶段_2026.01-12/04_数据采集/学生作品收集/真实学生作品_待提交/选修一班_A02/参考样件/04_手机支架.stl,.stl,3684,通过,STL头与长度正常,学生目录参考样件,仅供参考，不得认定为学生作品
03_实践验证阶段_2026.01-12/04_数据采集/学生作品收集/真实学生作品_待提交/选修一班_A02/参考样件/05_带盖储物盒.FCStd,.fcstd,14921,通过,压缩结构完整,学生目录参考样件,仅供参考，不得认定为学生作品
03_实践验证阶段_2026.01-12/04_数据采集/学生作品收集/真实学生作品_待提交/选修一班_A02/参考样件/05_带盖储物盒.stl,.stl,6884,通过,STL头与长度正常,学生目录参考样件,仅供参考，不得认定为学生作品
03_实践验证阶段_2026.01-12/04_数据采集/学生作品收集/真实学生作品_待提交/选修一班_A02/参考样件/06_结课综合项目_参考.FCStd,.fcstd,14905,通过,压缩结构完整,学生目录参考样件,仅供参考，不得认定为学生作品
03_实践验证阶段_2026.01-12/04_数据采集/学生作品收集/真实学生作品_待提交/选修一班_A02/参考样件/06_结课综合项目_参考.stl,.stl,108684,通过,STL头与长度正常,学生目录参考样件,仅供参考，不得认定为学生作品
03_实践验证阶段_2026.01-12/04_数据采集/学生作品收集/真实学生作品_待提交/选修一班_A03/_待提交说明.md,.md,1179,通过,UTF-8/结构可读,项目材料,按现行口径或用途核对
03_实践验证阶段_2026.01-12/04_数据采集/学生作品收集/真实学生作品_待提交/选修一班_A03/参考样件/01_钥匙扣.FCStd,.fcstd,9758,通过,压缩结构完整,学生目录参考样件,仅供参考，不得认定为学生作品
03_实践验证阶段_2026.01-12/04_数据采集/学生作品收集/真实学生作品_待提交/选修一班_A03/参考样件/01_钥匙扣.stl,.stl,26484,通过,STL头与长度正常,学生目录参考样件,仅供参考，不得认定为学生作品
03_实践验证阶段_2026.01-12/04_数据采集/学生作品收集/真实学生作品_待提交/选修一班_A03/参考样件/02_笔筒.FCStd,.fcstd,9080,通过,压缩结构完整,学生目录参考样件,仅供参考，不得认定为学生作品
03_实践验证阶段_2026.01-12/04_数据采集/学生作品收集/真实学生作品_待提交/选修一班_A03/参考样件/02_笔筒.stl,.stl,6084,通过,STL头与长度正常,学生目录参考样件,仅供参考，不得认定为学生作品
03_实践验证阶段_2026.01-12/04_数据采集/学生作品收集/真实学生作品_待提交/选修一班_A03/参考样件/03_乐高式积木块_2x4.FCStd,.fcstd,8727,通过,压缩结构完整,学生目录参考样件,仅供参考，不得认定为学生作品
03_实践验证阶段_2026.01-12/04_数据采集/学生作品收集/真实学生作品_待提交/选修一班_A03/参考样件/03_乐高式积木块_2x4.stl,.stl,76084,通过,STL头与长度正常,学生目录参考样件,仅供参考，不得认定为学生作品
03_实践验证阶段_2026.01-12/04_数据采集/学生作品收集/真实学生作品_待提交/选修一班_A03/参考样件/04_手机支架.FCStd,.fcstd,6458,通过,压缩结构完整,学生目录参考样件,仅供参考，不得认定为学生作品
03_实践验证阶段_2026.01-12/04_数据采集/学生作品收集/真实学生作品_待提交/选修一班_A03/参考样件/04_手机支架.stl,.stl,3684,通过,STL头与长度正常,学生目录参考样件,仅供参考，不得认定为学生作品
03_实践验证阶段_2026.01-12/04_数据采集/学生作品收集/真实学生作品_待提交/选修一班_A03/参考样件/05_带盖储物盒.FCStd,.fcstd,14921,通过,压缩结构完整,学生目录参考样件,仅供参考，不得认定为学生作品
03_实践验证阶段_2026.01-12/04_数据采集/学生作品收集/真实学生作品_待提交/选修一班_A03/参考样件/05_带盖储物盒.stl,.stl,6884,通过,STL头与长度正常,学生目录参考样件,仅供参考，不得认定为学生作品
03_实践验证阶段_2026.01-12/04_数据采集/学生作品收集/真实学生作品_待提交/选修一班_A03/参考样件/06_结课综合项目_参考.FCStd,.fcstd,14905,通过,压缩结构完整,学生目录参考样件,仅供参考，不得认定为学生作品
03_实践验证阶段_2026.01-12/04_数据采集/学生作品收集/真实学生作品_待提交/选修一班_A03/参考样件/06_结课综合项目_参考.stl,.stl,108684,通过,STL头与长度正常,学生目录参考样件,仅供参考，不得认定为学生作品
03_实践验证阶段_2026.01-12/04_数据采集/学生作品收集/真实学生作品_待提交/选修一班_A04/_待提交说明.md,.md,1179,通过,UTF-8/结构可读,项目材料,按现行口径或用途核对
03_实践验证阶段_2026.01-12/04_数据采集/学生作品收集/真实学生作品_待提交/选修一班_A04/参考样件/01_钥匙扣.FCStd,.fcstd,9758,通过,压缩结构完整,学生目录参考样件,仅供参考，不得认定为学生作品
03_实践验证阶段_2026.01-12/04_数据采集/学生作品收集/真实学生作品_待提交/选修一班_A04/参考样件/01_钥匙扣.stl,.stl,26484,通过,STL头与长度正常,学生目录参考样件,仅供参考，不得认定为学生作品
03_实践验证阶段_2026.01-12/04_数据采集/学生作品收集/真实学生作品_待提交/选修一班_A04/参考样件/02_笔筒.FCStd,.fcstd,9080,通过,压缩结构完整,学生目录参考样件,仅供参考，不得认定为学生作品
03_实践验证阶段_2026.01-12/04_数据采集/学生作品收集/真实学生作品_待提交/选修一班_A04/参考样件/02_笔筒.stl,.stl,6084,通过,STL头与长度正常,学生目录参考样件,仅供参考，不得认定为学生作品
03_实践验证阶段_2026.01-12/04_数据采集/学生作品收集/真实学生作品_待提交/选修一班_A04/参考样件/03_乐高式积木块_2x4.FCStd,.fcstd,8727,通过,压缩结构完整,学生目录参考样件,仅供参考，不得认定为学生作品
03_实践验证阶段_2026.01-12/04_数据采集/学生作品收集/真实学生作品_待提交/选修一班_A04/参考样件/03_乐高式积木块_2x4.stl,.stl,76084,通过,STL头与长度正常,学生目录参考样件,仅供参考，不得认定为学生作品
03_实践验证阶段_2026.01-12/04_数据采集/学生作品收集/真实学生作品_待提交/选修一班_A04/参考样件/04_手机支架.FCStd,.fcstd,6458,通过,压缩结构完整,学生目录参考样件,仅供参考，不得认定为学生作品
03_实践验证阶段_2026.01-12/04_数据采集/学生作品收集/真实学生作品_待提交/选修一班_A04/参考样件/04_手机支架.stl,.stl,3684,通过,STL头与长度正常,学生目录参考样件,仅供参考，不得认定为学生作品
03_实践验证阶段_2026.01-12/04_数据采集/学生作品收集/真实学生作品_待提交/选修一班_A04/参考样件/05_带盖储物盒.FCStd,.fcstd,14921,通过,压缩结构完整,学生目录参考样件,仅供参考，不得认定为学生作品
03_实践验证阶段_2026.01-12/04_数据采集/学生作品收集/真实学生作品_待提交/选修一班_A04/参考样件/05_带盖储物盒.stl,.stl,6884,通过,STL头与长度正常,学生目录参考样件,仅供参考，不得认定为学生作品
03_实践验证阶段_2026.01-12/04_数据采集/学生作品收集/真实学生作品_待提交/选修一班_A04/参考样件/06_结课综合项目_参考.FCStd,.fcstd,14905,通过,压缩结构完整,学生目录参考样件,仅供参考，不得认定为学生作品
03_实践验证阶段_2026.01-12/04_数据采集/学生作品收集/真实学生作品_待提交/选修一班_A04/参考样件/06_结课综合项目_参考.stl,.stl,108684,通过,STL头与长度正常,学生目录参考样件,仅供参考，不得认定为学生作品
03_实践验证阶段_2026.01-12/04_数据采集/学生作品收集/真实学生作品_待提交/选修一班_A05/_待提交说明.md,.md,1179,通过,UTF-8/结构可读,项目材料,按现行口径或用途核对
03_实践验证阶段_2026.01-12/04_数据采集/学生作品收集/真实学生作品_待提交/选修一班_A05/参考样件/01_钥匙扣.FCStd,.fcstd,9758,通过,压缩结构完整,学生目录参考样件,仅供参考，不得认定为学生作品
03_实践验证阶段_2026.01-12/04_数据采集/学生作品收集/真实学生作品_待提交/选修一班_A05/参考样件/01_钥匙扣.stl,.stl,26484,通过,STL头与长度正常,学生目录参考样件,仅供参考，不得认定为学生作品
03_实践验证阶段_2026.01-12/04_数据采集/学生作品收集/真实学生作品_待提交/选修一班_A05/参考样件/02_笔筒.FCStd,.fcstd,9080,通过,压缩结构完整,学生目录参考样件,仅供参考，不得认定为学生作品
03_实践验证阶段_2026.01-12/04_数据采集/学生作品收集/真实学生作品_待提交/选修一班_A05/参考样件/02_笔筒.stl,.stl,6084,通过,STL头与长度正常,学生目录参考样件,仅供参考，不得认定为学生作品
03_实践验证阶段_2026.01-12/04_数据采集/学生作品收集/真实学生作品_待提交/选修一班_A05/参考样件/03_乐高式积木块_2x4.FCStd,.fcstd,8727,通过,压缩结构完整,学生目录参考样件,仅供参考，不得认定为学生作品
03_实践验证阶段_2026.01-12/04_数据采集/学生作品收集/真实学生作品_待提交/选修一班_A05/参考样件/03_乐高式积木块_2x4.stl,.stl,76084,通过,STL头与长度正常,学生目录参考样件,仅供参考，不得认定为学生作品
03_实践验证阶段_2026.01-12/04_数据采集/学生作品收集/真实学生作品_待提交/选修一班_A05/参考样件/04_手机支架.FCStd,.fcstd,6458,通过,压缩结构完整,学生目录参考样件,仅供参考，不得认定为学生作品
03_实践验证阶段_2026.01-12/04_数据采集/学生作品收集/真实学生作品_待提交/选修一班_A05/参考样件/04_手机支架.stl,.stl,3684,通过,STL头与长度正常,学生目录参考样件,仅供参考，不得认定为学生作品
03_实践验证阶段_2026.01-12/04_数据采集/学生作品收集/真实学生作品_待提交/选修一班_A05/参考样件/05_带盖储物盒.FCStd,.fcstd,14921,通过,压缩结构完整,学生目录参考样件,仅供参考，不得认定为学生作品
03_实践验证阶段_2026.01-12/04_数据采集/学生作品收集/真实学生作品_待提交/选修一班_A05/参考样件/05_带盖储物盒.stl,.stl,6884,通过,STL头与长度正常,学生目录参考样件,仅供参考，不得认定为学生作品
03_实践验证阶段_2026.01-12/04_数据采集/学生作品收集/真实学生作品_待提交/选修一班_A05/参考样件/06_结课综合项目_参考.FCStd,.fcstd,14905,通过,压缩结构完整,学生目录参考样件,仅供参考，不得认定为学生作品
03_实践验证阶段_2026.01-12/04_数据采集/学生作品收集/真实学生作品_待提交/选修一班_A05/参考样件/06_结课综合项目_参考.stl,.stl,108684,通过,STL头与长度正常,学生目录参考样件,仅供参考，不得认定为学生作品
03_实践验证阶段_2026.01-12/04_数据采集/学生作品收集/真实学生作品_待提交/选修一班_A06/_待提交说明.md,.md,1179,通过,UTF-8/结构可读,项目材料,按现行口径或用途核对
03_实践验证阶段_2026.01-12/04_数据采集/学生作品收集/真实学生作品_待提交/选修一班_A06/参考样件/01_钥匙扣.FCStd,.fcstd,9758,通过,压缩结构完整,学生目录参考样件,仅供参考，不得认定为学生作品
03_实践验证阶段_2026.01-12/04_数据采集/学生作品收集/真实学生作品_待提交/选修一班_A06/参考样件/01_钥匙扣.stl,.stl,26484,通过,STL头与长度正常,学生目录参考样件,仅供参考，不得认定为学生作品
03_实践验证阶段_2026.01-12/04_数据采集/学生作品收集/真实学生作品_待提交/选修一班_A06/参考样件/02_笔筒.FCStd,.fcstd,9080,通过,压缩结构完整,学生目录参考样件,仅供参考，不得认定为学生作品
03_实践验证阶段_2026.01-12/04_数据采集/学生作品收集/真实学生作品_待提交/选修一班_A06/参考样件/02_笔筒.stl,.stl,6084,通过,STL头与长度正常,学生目录参考样件,仅供参考，不得认定为学生作品
03_实践验证阶段_2026.01-12/04_数据采集/学生作品收集/真实学生作品_待提交/选修一班_A06/参考样件/03_乐高式积木块_2x4.FCStd,.fcstd,8727,通过,压缩结构完整,学生目录参考样件,仅供参考，不得认定为学生作品
03_实践验证阶段_2026.01-12/04_数据采集/学生作品收集/真实学生作品_待提交/选修一班_A06/参考样件/03_乐高式积木块_2x4.stl,.stl,76084,通过,STL头与长度正常,学生目录参考样件,仅供参考，不得认定为学生作品
03_实践验证阶段_2026.01-12/04_数据采集/学生作品收集/真实学生作品_待提交/选修一班_A06/参考样件/04_手机支架.FCStd,.fcstd,6458,通过,压缩结构完整,学生目录参考样件,仅供参考，不得认定为学生作品
03_实践验证阶段_2026.01-12/04_数据采集/学生作品收集/真实学生作品_待提交/选修一班_A06/参考样件/04_手机支架.stl,.stl,3684,通过,STL头与长度正常,学生目录参考样件,仅供参考，不得认定为学生作品
03_实践验证阶段_2026.01-12/04_数据采集/学生作品收集/真实学生作品_待提交/选修一班_A06/参考样件/05_带盖储物盒.FCStd,.fcstd,14921,通过,压缩结构完整,学生目录参考样件,仅供参考，不得认定为学生作品
03_实践验证阶段_2026.01-12/04_数据采集/学生作品收集/真实学生作品_待提交/选修一班_A06/参考样件/05_带盖储物盒.stl,.stl,6884,通过,STL头与长度正常,学生目录参考样件,仅供参考，不得认定为学生作品
03_实践验证阶段_2026.01-12/04_数据采集/学生作品收集/真实学生作品_待提交/选修一班_A06/参考样件/06_结课综合项目_参考.FCStd,.fcstd,14905,通过,压缩结构完整,学生目录参考样件,仅供参考，不得认定为学生作品
03_实践验证阶段_2026.01-12/04_数据采集/学生作品收集/真实学生作品_待提交/选修一班_A06/参考样件/06_结课综合项目_参考.stl,.stl,108684,通过,STL头与长度正常,学生目录参考样件,仅供参考，不得认定为学生作品
03_实践验证阶段_2026.01-12/04_数据采集/学生作品收集/真实学生作品_待提交/选修一班_A07/_待提交说明.md,.md,1179,通过,UTF-8/结构可读,项目材料,按现行口径或用途核对
03_实践验证阶段_2026.01-12/04_数据采集/学生作品收集/真实学生作品_待提交/选修一班_A07/参考样件/01_钥匙扣.FCStd,.fcstd,9758,通过,压缩结构完整,学生目录参考样件,仅供参考，不得认定为学生作品
03_实践验证阶段_2026.01-12/04_数据采集/学生作品收集/真实学生作品_待提交/选修一班_A07/参考样件/01_钥匙扣.stl,.stl,26484,通过,STL头与长度正常,学生目录参考样件,仅供参考，不得认定为学生作品
03_实践验证阶段_2026.01-12/04_数据采集/学生作品收集/真实学生作品_待提交/选修一班_A07/参考样件/02_笔筒.FCStd,.fcstd,9080,通过,压缩结构完整,学生目录参考样件,仅供参考，不得认定为学生作品
03_实践验证阶段_2026.01-12/04_数据采集/学生作品收集/真实学生作品_待提交/选修一班_A07/参考样件/02_笔筒.stl,.stl,6084,通过,STL头与长度正常,学生目录参考样件,仅供参考，不得认定为学生作品
03_实践验证阶段_2026.01-12/04_数据采集/学生作品收集/真实学生作品_待提交/选修一班_A07/参考样件/03_乐高式积木块_2x4.FCStd,.fcstd,8727,通过,压缩结构完整,学生目录参考样件,仅供参考，不得认定为学生作品
03_实践验证阶段_2026.01-12/04_数据采集/学生作品收集/真实学生作品_待提交/选修一班_A07/参考样件/03_乐高式积木块_2x4.stl,.stl,76084,通过,STL头与长度正常,学生目录参考样件,仅供参考，不得认定为学生作品
03_实践验证阶段_2026.01-12/04_数据采集/学生作品收集/真实学生作品_待提交/选修一班_A07/参考样件/04_手机支架.FCStd,.fcstd,6458,通过,压缩结构完整,学生目录参考样件,仅供参考，不得认定为学生作品
03_实践验证阶段_2026.01-12/04_数据采集/学生作品收集/真实学生作品_待提交/选修一班_A07/参考样件/04_手机支架.stl,.stl,3684,通过,STL头与长度正常,学生目录参考样件,仅供参考，不得认定为学生作品
03_实践验证阶段_2026.01-12/04_数据采集/学生作品收集/真实学生作品_待提交/选修一班_A07/参考样件/05_带盖储物盒.FCStd,.fcstd,14921,通过,压缩结构完整,学生目录参考样件,仅供参考，不得认定为学生作品
03_实践验证阶段_2026.01-12/04_数据采集/学生作品收集/真实学生作品_待提交/选修一班_A07/参考样件/05_带盖储物盒.stl,.stl,6884,通过,STL头与长度正常,学生目录参考样件,仅供参考，不得认定为学生作品
03_实践验证阶段_2026.01-12/04_数据采集/学生作品收集/真实学生作品_待提交/选修一班_A07/参考样件/06_结课综合项目_参考.FCStd,.fcstd,14905,通过,压缩结构完整,学生目录参考样件,仅供参考，不得认定为学生作品
03_实践验证阶段_2026.01-12/04_数据采集/学生作品收集/真实学生作品_待提交/选修一班_A07/参考样件/06_结课综合项目_参考.stl,.stl,108684,通过,STL头与长度正常,学生目录参考样件,仅供参考，不得认定为学生作品
03_实践验证阶段_2026.01-12/04_数据采集/学生作品收集/真实学生作品_待提交/选修一班_A08/_待提交说明.md,.md,1179,通过,UTF-8/结构可读,项目材料,按现行口径或用途核对
03_实践验证阶段_2026.01-12/04_数据采集/学生作品收集/真实学生作品_待提交/选修一班_A08/参考样件/01_钥匙扣.FCStd,.fcstd,9758,通过,压缩结构完整,学生目录参考样件,仅供参考，不得认定为学生作品
03_实践验证阶段_2026.01-12/04_数据采集/学生作品收集/真实学生作品_待提交/选修一班_A08/参考样件/01_钥匙扣.stl,.stl,26484,通过,STL头与长度正常,学生目录参考样件,仅供参考，不得认定为学生作品
03_实践验证阶段_2026.01-12/04_数据采集/学生作品收集/真实学生作品_待提交/选修一班_A08/参考样件/02_笔筒.FCStd,.fcstd,9080,通过,压缩结构完整,学生目录参考样件,仅供参考，不得认定为学生作品
03_实践验证阶段_2026.01-12/04_数据采集/学生作品收集/真实学生作品_待提交/选修一班_A08/参考样件/02_笔筒.stl,.stl,6084,通过,STL头与长度正常,学生目录参考样件,仅供参考，不得认定为学生作品
03_实践验证阶段_2026.01-12/04_数据采集/学生作品收集/真实学生作品_待提交/选修一班_A08/参考样件/03_乐高式积木块_2x4.FCStd,.fcstd,8727,通过,压缩结构完整,学生目录参考样件,仅供参考，不得认定为学生作品
03_实践验证阶段_2026.01-12/04_数据采集/学生作品收集/真实学生作品_待提交/选修一班_A08/参考样件/03_乐高式积木块_2x4.stl,.stl,76084,通过,STL头与长度正常,学生目录参考样件,仅供参考，不得认定为学生作品
03_实践验证阶段_2026.01-12/04_数据采集/学生作品收集/真实学生作品_待提交/选修一班_A08/参考样件/04_手机支架.FCStd,.fcstd,6458,通过,压缩结构完整,学生目录参考样件,仅供参考，不得认定为学生作品
03_实践验证阶段_2026.01-12/04_数据采集/学生作品收集/真实学生作品_待提交/选修一班_A08/参考样件/04_手机支架.stl,.stl,3684,通过,STL头与长度正常,学生目录参考样件,仅供参考，不得认定为学生作品
03_实践验证阶段_2026.01-12/04_数据采集/学生作品收集/真实学生作品_待提交/选修一班_A08/参考样件/05_带盖储物盒.FCStd,.fcstd,14921,通过,压缩结构完整,学生目录参考样件,仅供参考，不得认定为学生作品
03_实践验证阶段_2026.01-12/04_数据采集/学生作品收集/真实学生作品_待提交/选修一班_A08/参考样件/05_带盖储物盒.stl,.stl,6884,通过,STL头与长度正常,学生目录参考样件,仅供参考，不得认定为学生作品
03_实践验证阶段_2026.01-12/04_数据采集/学生作品收集/真实学生作品_待提交/选修一班_A08/参考样件/06_结课综合项目_参考.FCStd,.fcstd,14905,通过,压缩结构完整,学生目录参考样件,仅供参考，不得认定为学生作品
03_实践验证阶段_2026.01-12/04_数据采集/学生作品收集/真实学生作品_待提交/选修一班_A08/参考样件/06_结课综合项目_参考.stl,.stl,108684,通过,STL头与长度正常,学生目录参考样件,仅供参考，不得认定为学生作品
03_实践验证阶段_2026.01-12/04_数据采集/学生作品收集/真实学生作品_待提交/选修一班_A09/_待提交说明.md,.md,1179,通过,UTF-8/结构可读,项目材料,按现行口径或用途核对
03_实践验证阶段_2026.01-12/04_数据采集/学生作品收集/真实学生作品_待提交/选修一班_A09/参考样件/01_钥匙扣.FCStd,.fcstd,9758,通过,压缩结构完整,学生目录参考样件,仅供参考，不得认定为学生作品
03_实践验证阶段_2026.01-12/04_数据采集/学生作品收集/真实学生作品_待提交/选修一班_A09/参考样件/01_钥匙扣.stl,.stl,26484,通过,STL头与长度正常,学生目录参考样件,仅供参考，不得认定为学生作品
03_实践验证阶段_2026.01-12/04_数据采集/学生作品收集/真实学生作品_待提交/选修一班_A09/参考样件/02_笔筒.FCStd,.fcstd,9080,通过,压缩结构完整,学生目录参考样件,仅供参考，不得认定为学生作品
03_实践验证阶段_2026.01-12/04_数据采集/学生作品收集/真实学生作品_待提交/选修一班_A09/参考样件/02_笔筒.stl,.stl,6084,通过,STL头与长度正常,学生目录参考样件,仅供参考，不得认定为学生作品
03_实践验证阶段_2026.01-12/04_数据采集/学生作品收集/真实学生作品_待提交/选修一班_A09/参考样件/03_乐高式积木块_2x4.FCStd,.fcstd,8727,通过,压缩结构完整,学生目录参考样件,仅供参考，不得认定为学生作品
03_实践验证阶段_2026.01-12/04_数据采集/学生作品收集/真实学生作品_待提交/选修一班_A09/参考样件/03_乐高式积木块_2x4.stl,.stl,76084,通过,STL头与长度正常,学生目录参考样件,仅供参考，不得认定为学生作品
03_实践验证阶段_2026.01-12/04_数据采集/学生作品收集/真实学生作品_待提交/选修一班_A09/参考样件/04_手机支架.FCStd,.fcstd,6458,通过,压缩结构完整,学生目录参考样件,仅供参考，不得认定为学生作品
03_实践验证阶段_2026.01-12/04_数据采集/学生作品收集/真实学生作品_待提交/选修一班_A09/参考样件/04_手机支架.stl,.stl,3684,通过,STL头与长度正常,学生目录参考样件,仅供参考，不得认定为学生作品
03_实践验证阶段_2026.01-12/04_数据采集/学生作品收集/真实学生作品_待提交/选修一班_A09/参考样件/05_带盖储物盒.FCStd,.fcstd,14921,通过,压缩结构完整,学生目录参考样件,仅供参考，不得认定为学生作品
03_实践验证阶段_2026.01-12/04_数据采集/学生作品收集/真实学生作品_待提交/选修一班_A09/参考样件/05_带盖储物盒.stl,.stl,6884,通过,STL头与长度正常,学生目录参考样件,仅供参考，不得认定为学生作品
03_实践验证阶段_2026.01-12/04_数据采集/学生作品收集/真实学生作品_待提交/选修一班_A09/参考样件/06_结课综合项目_参考.FCStd,.fcstd,14905,通过,压缩结构完整,学生目录参考样件,仅供参考，不得认定为学生作品
03_实践验证阶段_2026.01-12/04_数据采集/学生作品收集/真实学生作品_待提交/选修一班_A09/参考样件/06_结课综合项目_参考.stl,.stl,108684,通过,STL头与长度正常,学生目录参考样件,仅供参考，不得认定为学生作品
03_实践验证阶段_2026.01-12/04_数据采集/学生作品收集/真实学生作品_待提交/选修一班_A10/_待提交说明.md,.md,1179,通过,UTF-8/结构可读,项目材料,按现行口径或用途核对
03_实践验证阶段_2026.01-12/04_数据采集/学生作品收集/真实学生作品_待提交/选修一班_A10/参考样件/01_钥匙扣.FCStd,.fcstd,9758,通过,压缩结构完整,学生目录参考样件,仅供参考，不得认定为学生作品
03_实践验证阶段_2026.01-12/04_数据采集/学生作品收集/真实学生作品_待提交/选修一班_A10/参考样件/01_钥匙扣.stl,.stl,26484,通过,STL头与长度正常,学生目录参考样件,仅供参考，不得认定为学生作品
03_实践验证阶段_2026.01-12/04_数据采集/学生作品收集/真实学生作品_待提交/选修一班_A10/参考样件/02_笔筒.FCStd,.fcstd,9080,通过,压缩结构完整,学生目录参考样件,仅供参考，不得认定为学生作品
03_实践验证阶段_2026.01-12/04_数据采集/学生作品收集/真实学生作品_待提交/选修一班_A10/参考样件/02_笔筒.stl,.stl,6084,通过,STL头与长度正常,学生目录参考样件,仅供参考，不得认定为学生作品
03_实践验证阶段_2026.01-12/04_数据采集/学生作品收集/真实学生作品_待提交/选修一班_A10/参考样件/03_乐高式积木块_2x4.FCStd,.fcstd,8727,通过,压缩结构完整,学生目录参考样件,仅供参考，不得认定为学生作品
03_实践验证阶段_2026.01-12/04_数据采集/学生作品收集/真实学生作品_待提交/选修一班_A10/参考样件/03_乐高式积木块_2x4.stl,.stl,76084,通过,STL头与长度正常,学生目录参考样件,仅供参考，不得认定为学生作品
03_实践验证阶段_2026.01-12/04_数据采集/学生作品收集/真实学生作品_待提交/选修一班_A10/参考样件/04_手机支架.FCStd,.fcstd,6458,通过,压缩结构完整,学生目录参考样件,仅供参考，不得认定为学生作品
03_实践验证阶段_2026.01-12/04_数据采集/学生作品收集/真实学生作品_待提交/选修一班_A10/参考样件/04_手机支架.stl,.stl,3684,通过,STL头与长度正常,学生目录参考样件,仅供参考，不得认定为学生作品
03_实践验证阶段_2026.01-12/04_数据采集/学生作品收集/真实学生作品_待提交/选修一班_A10/参考样件/05_带盖储物盒.FCStd,.fcstd,14921,通过,压缩结构完整,学生目录参考样件,仅供参考，不得认定为学生作品
03_实践验证阶段_2026.01-12/04_数据采集/学生作品收集/真实学生作品_待提交/选修一班_A10/参考样件/05_带盖储物盒.stl,.stl,6884,通过,STL头与长度正常,学生目录参考样件,仅供参考，不得认定为学生作品
03_实践验证阶段_2026.01-12/04_数据采集/学生作品收集/真实学生作品_待提交/选修一班_A10/参考样件/06_结课综合项目_参考.FCStd,.fcstd,14905,通过,压缩结构完整,学生目录参考样件,仅供参考，不得认定为学生作品
03_实践验证阶段_2026.01-12/04_数据采集/学生作品收集/真实学生作品_待提交/选修一班_A10/参考样件/06_结课综合项目_参考.stl,.stl,108684,通过,STL头与长度正常,学生目录参考样件,仅供参考，不得认定为学生作品
03_实践验证阶段_2026.01-12/04_数据采集/学生作品收集/真实学生作品_待提交/选修一班_A11/_待提交说明.md,.md,1179,通过,UTF-8/结构可读,项目材料,按现行口径或用途核对
03_实践验证阶段_2026.01-12/04_数据采集/学生作品收集/真实学生作品_待提交/选修一班_A11/参考样件/01_钥匙扣.FCStd,.fcstd,9758,通过,压缩结构完整,学生目录参考样件,仅供参考，不得认定为学生作品
03_实践验证阶段_2026.01-12/04_数据采集/学生作品收集/真实学生作品_待提交/选修一班_A11/参考样件/01_钥匙扣.stl,.stl,26484,通过,STL头与长度正常,学生目录参考样件,仅供参考，不得认定为学生作品
03_实践验证阶段_2026.01-12/04_数据采集/学生作品收集/真实学生作品_待提交/选修一班_A11/参考样件/02_笔筒.FCStd,.fcstd,9080,通过,压缩结构完整,学生目录参考样件,仅供参考，不得认定为学生作品
03_实践验证阶段_2026.01-12/04_数据采集/学生作品收集/真实学生作品_待提交/选修一班_A11/参考样件/02_笔筒.stl,.stl,6084,通过,STL头与长度正常,学生目录参考样件,仅供参考，不得认定为学生作品
03_实践验证阶段_2026.01-12/04_数据采集/学生作品收集/真实学生作品_待提交/选修一班_A11/参考样件/03_乐高式积木块_2x4.FCStd,.fcstd,8727,通过,压缩结构完整,学生目录参考样件,仅供参考，不得认定为学生作品
03_实践验证阶段_2026.01-12/04_数据采集/学生作品收集/真实学生作品_待提交/选修一班_A11/参考样件/03_乐高式积木块_2x4.stl,.stl,76084,通过,STL头与长度正常,学生目录参考样件,仅供参考，不得认定为学生作品
03_实践验证阶段_2026.01-12/04_数据采集/学生作品收集/真实学生作品_待提交/选修一班_A11/参考样件/04_手机支架.FCStd,.fcstd,6458,通过,压缩结构完整,学生目录参考样件,仅供参考，不得认定为学生作品
03_实践验证阶段_2026.01-12/04_数据采集/学生作品收集/真实学生作品_待提交/选修一班_A11/参考样件/04_手机支架.stl,.stl,3684,通过,STL头与长度正常,学生目录参考样件,仅供参考，不得认定为学生作品
03_实践验证阶段_2026.01-12/04_数据采集/学生作品收集/真实学生作品_待提交/选修一班_A11/参考样件/05_带盖储物盒.FCStd,.fcstd,14921,通过,压缩结构完整,学生目录参考样件,仅供参考，不得认定为学生作品
03_实践验证阶段_2026.01-12/04_数据采集/学生作品收集/真实学生作品_待提交/选修一班_A11/参考样件/05_带盖储物盒.stl,.stl,6884,通过,STL头与长度正常,学生目录参考样件,仅供参考，不得认定为学生作品
03_实践验证阶段_2026.01-12/04_数据采集/学生作品收集/真实学生作品_待提交/选修一班_A11/参考样件/06_结课综合项目_参考.FCStd,.fcstd,14905,通过,压缩结构完整,学生目录参考样件,仅供参考，不得认定为学生作品
03_实践验证阶段_2026.01-12/04_数据采集/学生作品收集/真实学生作品_待提交/选修一班_A11/参考样件/06_结课综合项目_参考.stl,.stl,108684,通过,STL头与长度正常,学生目录参考样件,仅供参考，不得认定为学生作品
03_实践验证阶段_2026.01-12/04_数据采集/学生作品收集/真实学生作品_待提交/选修一班_A12/_待提交说明.md,.md,1179,通过,UTF-8/结构可读,项目材料,按现行口径或用途核对
03_实践验证阶段_2026.01-12/04_数据采集/学生作品收集/真实学生作品_待提交/选修一班_A12/参考样件/01_钥匙扣.FCStd,.fcstd,9758,通过,压缩结构完整,学生目录参考样件,仅供参考，不得认定为学生作品
03_实践验证阶段_2026.01-12/04_数据采集/学生作品收集/真实学生作品_待提交/选修一班_A12/参考样件/01_钥匙扣.stl,.stl,26484,通过,STL头与长度正常,学生目录参考样件,仅供参考，不得认定为学生作品
03_实践验证阶段_2026.01-12/04_数据采集/学生作品收集/真实学生作品_待提交/选修一班_A12/参考样件/02_笔筒.FCStd,.fcstd,9080,通过,压缩结构完整,学生目录参考样件,仅供参考，不得认定为学生作品
03_实践验证阶段_2026.01-12/04_数据采集/学生作品收集/真实学生作品_待提交/选修一班_A12/参考样件/02_笔筒.stl,.stl,6084,通过,STL头与长度正常,学生目录参考样件,仅供参考，不得认定为学生作品
03_实践验证阶段_2026.01-12/04_数据采集/学生作品收集/真实学生作品_待提交/选修一班_A12/参考样件/03_乐高式积木块_2x4.FCStd,.fcstd,8727,通过,压缩结构完整,学生目录参考样件,仅供参考，不得认定为学生作品
03_实践验证阶段_2026.01-12/04_数据采集/学生作品收集/真实学生作品_待提交/选修一班_A12/参考样件/03_乐高式积木块_2x4.stl,.stl,76084,通过,STL头与长度正常,学生目录参考样件,仅供参考，不得认定为学生作品
03_实践验证阶段_2026.01-12/04_数据采集/学生作品收集/真实学生作品_待提交/选修一班_A12/参考样件/04_手机支架.FCStd,.fcstd,6458,通过,压缩结构完整,学生目录参考样件,仅供参考，不得认定为学生作品
03_实践验证阶段_2026.01-12/04_数据采集/学生作品收集/真实学生作品_待提交/选修一班_A12/参考样件/04_手机支架.stl,.stl,3684,通过,STL头与长度正常,学生目录参考样件,仅供参考，不得认定为学生作品
03_实践验证阶段_2026.01-12/04_数据采集/学生作品收集/真实学生作品_待提交/选修一班_A12/参考样件/05_带盖储物盒.FCStd,.fcstd,14921,通过,压缩结构完整,学生目录参考样件,仅供参考，不得认定为学生作品
03_实践验证阶段_2026.01-12/04_数据采集/学生作品收集/真实学生作品_待提交/选修一班_A12/参考样件/05_带盖储物盒.stl,.stl,6884,通过,STL头与长度正常,学生目录参考样件,仅供参考，不得认定为学生作品
03_实践验证阶段_2026.01-12/04_数据采集/学生作品收集/真实学生作品_待提交/选修一班_A12/参考样件/06_结课综合项目_参考.FCStd,.fcstd,14905,通过,压缩结构完整,学生目录参考样件,仅供参考，不得认定为学生作品
03_实践验证阶段_2026.01-12/04_数据采集/学生作品收集/真实学生作品_待提交/选修一班_A12/参考样件/06_结课综合项目_参考.stl,.stl,108684,通过,STL头与长度正常,学生目录参考样件,仅供参考，不得认定为学生作品
03_实践验证阶段_2026.01-12/04_数据采集/学生作品收集/真实学生作品_待提交/选修一班_A13/_待提交说明.md,.md,1179,通过,UTF-8/结构可读,项目材料,按现行口径或用途核对
03_实践验证阶段_2026.01-12/04_数据采集/学生作品收集/真实学生作品_待提交/选修一班_A13/参考样件/01_钥匙扣.FCStd,.fcstd,9758,通过,压缩结构完整,学生目录参考样件,仅供参考，不得认定为学生作品
03_实践验证阶段_2026.01-12/04_数据采集/学生作品收集/真实学生作品_待提交/选修一班_A13/参考样件/01_钥匙扣.stl,.stl,26484,通过,STL头与长度正常,学生目录参考样件,仅供参考，不得认定为学生作品
03_实践验证阶段_2026.01-12/04_数据采集/学生作品收集/真实学生作品_待提交/选修一班_A13/参考样件/02_笔筒.FCStd,.fcstd,9080,通过,压缩结构完整,学生目录参考样件,仅供参考，不得认定为学生作品
03_实践验证阶段_2026.01-12/04_数据采集/学生作品收集/真实学生作品_待提交/选修一班_A13/参考样件/02_笔筒.stl,.stl,6084,通过,STL头与长度正常,学生目录参考样件,仅供参考，不得认定为学生作品
03_实践验证阶段_2026.01-12/04_数据采集/学生作品收集/真实学生作品_待提交/选修一班_A13/参考样件/03_乐高式积木块_2x4.FCStd,.fcstd,8727,通过,压缩结构完整,学生目录参考样件,仅供参考，不得认定为学生作品
03_实践验证阶段_2026.01-12/04_数据采集/学生作品收集/真实学生作品_待提交/选修一班_A13/参考样件/03_乐高式积木块_2x4.stl,.stl,76084,通过,STL头与长度正常,学生目录参考样件,仅供参考，不得认定为学生作品
03_实践验证阶段_2026.01-12/04_数据采集/学生作品收集/真实学生作品_待提交/选修一班_A13/参考样件/04_手机支架.FCStd,.fcstd,6458,通过,压缩结构完整,学生目录参考样件,仅供参考，不得认定为学生作品
03_实践验证阶段_2026.01-12/04_数据采集/学生作品收集/真实学生作品_待提交/选修一班_A13/参考样件/04_手机支架.stl,.stl,3684,通过,STL头与长度正常,学生目录参考样件,仅供参考，不得认定为学生作品
03_实践验证阶段_2026.01-12/04_数据采集/学生作品收集/真实学生作品_待提交/选修一班_A13/参考样件/05_带盖储物盒.FCStd,.fcstd,14921,通过,压缩结构完整,学生目录参考样件,仅供参考，不得认定为学生作品
03_实践验证阶段_2026.01-12/04_数据采集/学生作品收集/真实学生作品_待提交/选修一班_A13/参考样件/05_带盖储物盒.stl,.stl,6884,通过,STL头与长度正常,学生目录参考样件,仅供参考，不得认定为学生作品
03_实践验证阶段_2026.01-12/04_数据采集/学生作品收集/真实学生作品_待提交/选修一班_A13/参考样件/06_结课综合项目_参考.FCStd,.fcstd,14905,通过,压缩结构完整,学生目录参考样件,仅供参考，不得认定为学生作品
03_实践验证阶段_2026.01-12/04_数据采集/学生作品收集/真实学生作品_待提交/选修一班_A13/参考样件/06_结课综合项目_参考.stl,.stl,108684,通过,STL头与长度正常,学生目录参考样件,仅供参考，不得认定为学生作品
03_实践验证阶段_2026.01-12/04_数据采集/学生作品收集/真实学生作品_待提交/选修一班_A14/_待提交说明.md,.md,1179,通过,UTF-8/结构可读,项目材料,按现行口径或用途核对
03_实践验证阶段_2026.01-12/04_数据采集/学生作品收集/真实学生作品_待提交/选修一班_A14/参考样件/01_钥匙扣.FCStd,.fcstd,9758,通过,压缩结构完整,学生目录参考样件,仅供参考，不得认定为学生作品
03_实践验证阶段_2026.01-12/04_数据采集/学生作品收集/真实学生作品_待提交/选修一班_A14/参考样件/01_钥匙扣.stl,.stl,26484,通过,STL头与长度正常,学生目录参考样件,仅供参考，不得认定为学生作品
03_实践验证阶段_2026.01-12/04_数据采集/学生作品收集/真实学生作品_待提交/选修一班_A14/参考样件/02_笔筒.FCStd,.fcstd,9080,通过,压缩结构完整,学生目录参考样件,仅供参考，不得认定为学生作品
03_实践验证阶段_2026.01-12/04_数据采集/学生作品收集/真实学生作品_待提交/选修一班_A14/参考样件/02_笔筒.stl,.stl,6084,通过,STL头与长度正常,学生目录参考样件,仅供参考，不得认定为学生作品
03_实践验证阶段_2026.01-12/04_数据采集/学生作品收集/真实学生作品_待提交/选修一班_A14/参考样件/03_乐高式积木块_2x4.FCStd,.fcstd,8727,通过,压缩结构完整,学生目录参考样件,仅供参考，不得认定为学生作品
03_实践验证阶段_2026.01-12/04_数据采集/学生作品收集/真实学生作品_待提交/选修一班_A14/参考样件/03_乐高式积木块_2x4.stl,.stl,76084,通过,STL头与长度正常,学生目录参考样件,仅供参考，不得认定为学生作品
03_实践验证阶段_2026.01-12/04_数据采集/学生作品收集/真实学生作品_待提交/选修一班_A14/参考样件/04_手机支架.FCStd,.fcstd,6458,通过,压缩结构完整,学生目录参考样件,仅供参考，不得认定为学生作品
03_实践验证阶段_2026.01-12/04_数据采集/学生作品收集/真实学生作品_待提交/选修一班_A14/参考样件/04_手机支架.stl,.stl,3684,通过,STL头与长度正常,学生目录参考样件,仅供参考，不得认定为学生作品
03_实践验证阶段_2026.01-12/04_数据采集/学生作品收集/真实学生作品_待提交/选修一班_A14/参考样件/05_带盖储物盒.FCStd,.fcstd,14921,通过,压缩结构完整,学生目录参考样件,仅供参考，不得认定为学生作品
03_实践验证阶段_2026.01-12/04_数据采集/学生作品收集/真实学生作品_待提交/选修一班_A14/参考样件/05_带盖储物盒.stl,.stl,6884,通过,STL头与长度正常,学生目录参考样件,仅供参考，不得认定为学生作品
03_实践验证阶段_2026.01-12/04_数据采集/学生作品收集/真实学生作品_待提交/选修一班_A14/参考样件/06_结课综合项目_参考.FCStd,.fcstd,14905,通过,压缩结构完整,学生目录参考样件,仅供参考，不得认定为学生作品
03_实践验证阶段_2026.01-12/04_数据采集/学生作品收集/真实学生作品_待提交/选修一班_A14/参考样件/06_结课综合项目_参考.stl,.stl,108684,通过,STL头与长度正常,学生目录参考样件,仅供参考，不得认定为学生作品
03_实践验证阶段_2026.01-12/04_数据采集/学生作品收集/真实学生作品_待提交/选修一班_A15/_待提交说明.md,.md,1179,通过,UTF-8/结构可读,项目材料,按现行口径或用途核对
03_实践验证阶段_2026.01-12/04_数据采集/学生作品收集/真实学生作品_待提交/选修一班_A15/参考样件/01_钥匙扣.FCStd,.fcstd,9758,通过,压缩结构完整,学生目录参考样件,仅供参考，不得认定为学生作品
03_实践验证阶段_2026.01-12/04_数据采集/学生作品收集/真实学生作品_待提交/选修一班_A15/参考样件/01_钥匙扣.stl,.stl,26484,通过,STL头与长度正常,学生目录参考样件,仅供参考，不得认定为学生作品
03_实践验证阶段_2026.01-12/04_数据采集/学生作品收集/真实学生作品_待提交/选修一班_A15/参考样件/02_笔筒.FCStd,.fcstd,9080,通过,压缩结构完整,学生目录参考样件,仅供参考，不得认定为学生作品
03_实践验证阶段_2026.01-12/04_数据采集/学生作品收集/真实学生作品_待提交/选修一班_A15/参考样件/02_笔筒.stl,.stl,6084,通过,STL头与长度正常,学生目录参考样件,仅供参考，不得认定为学生作品
03_实践验证阶段_2026.01-12/04_数据采集/学生作品收集/真实学生作品_待提交/选修一班_A15/参考样件/03_乐高式积木块_2x4.FCStd,.fcstd,8727,通过,压缩结构完整,学生目录参考样件,仅供参考，不得认定为学生作品
03_实践验证阶段_2026.01-12/04_数据采集/学生作品收集/真实学生作品_待提交/选修一班_A15/参考样件/03_乐高式积木块_2x4.stl,.stl,76084,通过,STL头与长度正常,学生目录参考样件,仅供参考，不得认定为学生作品
03_实践验证阶段_2026.01-12/04_数据采集/学生作品收集/真实学生作品_待提交/选修一班_A15/参考样件/04_手机支架.FCStd,.fcstd,6458,通过,压缩结构完整,学生目录参考样件,仅供参考，不得认定为学生作品
03_实践验证阶段_2026.01-12/04_数据采集/学生作品收集/真实学生作品_待提交/选修一班_A15/参考样件/04_手机支架.stl,.stl,3684,通过,STL头与长度正常,学生目录参考样件,仅供参考，不得认定为学生作品
03_实践验证阶段_2026.01-12/04_数据采集/学生作品收集/真实学生作品_待提交/选修一班_A15/参考样件/05_带盖储物盒.FCStd,.fcstd,14921,通过,压缩结构完整,学生目录参考样件,仅供参考，不得认定为学生作品
03_实践验证阶段_2026.01-12/04_数据采集/学生作品收集/真实学生作品_待提交/选修一班_A15/参考样件/05_带盖储物盒.stl,.stl,6884,通过,STL头与长度正常,学生目录参考样件,仅供参考，不得认定为学生作品
03_实践验证阶段_2026.01-12/04_数据采集/学生作品收集/真实学生作品_待提交/选修一班_A15/参考样件/06_结课综合项目_参考.FCStd,.fcstd,14905,通过,压缩结构完整,学生目录参考样件,仅供参考，不得认定为学生作品
03_实践验证阶段_2026.01-12/04_数据采集/学生作品收集/真实学生作品_待提交/选修一班_A15/参考样件/06_结课综合项目_参考.stl,.stl,108684,通过,STL头与长度正常,学生目录参考样件,仅供参考，不得认定为学生作品
03_实践验证阶段_2026.01-12/04_数据采集/学生作品收集/真实学生作品_待提交/选修一班_A16/_待提交说明.md,.md,1179,通过,UTF-8/结构可读,项目材料,按现行口径或用途核对
03_实践验证阶段_2026.01-12/04_数据采集/学生作品收集/真实学生作品_待提交/选修一班_A16/参考样件/01_钥匙扣.FCStd,.fcstd,9758,通过,压缩结构完整,学生目录参考样件,仅供参考，不得认定为学生作品
03_实践验证阶段_2026.01-12/04_数据采集/学生作品收集/真实学生作品_待提交/选修一班_A16/参考样件/01_钥匙扣.stl,.stl,26484,通过,STL头与长度正常,学生目录参考样件,仅供参考，不得认定为学生作品
03_实践验证阶段_2026.01-12/04_数据采集/学生作品收集/真实学生作品_待提交/选修一班_A16/参考样件/02_笔筒.FCStd,.fcstd,9080,通过,压缩结构完整,学生目录参考样件,仅供参考，不得认定为学生作品
03_实践验证阶段_2026.01-12/04_数据采集/学生作品收集/真实学生作品_待提交/选修一班_A16/参考样件/02_笔筒.stl,.stl,6084,通过,STL头与长度正常,学生目录参考样件,仅供参考，不得认定为学生作品
03_实践验证阶段_2026.01-12/04_数据采集/学生作品收集/真实学生作品_待提交/选修一班_A16/参考样件/03_乐高式积木块_2x4.FCStd,.fcstd,8727,通过,压缩结构完整,学生目录参考样件,仅供参考，不得认定为学生作品
03_实践验证阶段_2026.01-12/04_数据采集/学生作品收集/真实学生作品_待提交/选修一班_A16/参考样件/03_乐高式积木块_2x4.stl,.stl,76084,通过,STL头与长度正常,学生目录参考样件,仅供参考，不得认定为学生作品
03_实践验证阶段_2026.01-12/04_数据采集/学生作品收集/真实学生作品_待提交/选修一班_A16/参考样件/04_手机支架.FCStd,.fcstd,6458,通过,压缩结构完整,学生目录参考样件,仅供参考，不得认定为学生作品
03_实践验证阶段_2026.01-12/04_数据采集/学生作品收集/真实学生作品_待提交/选修一班_A16/参考样件/04_手机支架.stl,.stl,3684,通过,STL头与长度正常,学生目录参考样件,仅供参考，不得认定为学生作品
03_实践验证阶段_2026.01-12/04_数据采集/学生作品收集/真实学生作品_待提交/选修一班_A16/参考样件/05_带盖储物盒.FCStd,.fcstd,14921,通过,压缩结构完整,学生目录参考样件,仅供参考，不得认定为学生作品
03_实践验证阶段_2026.01-12/04_数据采集/学生作品收集/真实学生作品_待提交/选修一班_A16/参考样件/05_带盖储物盒.stl,.stl,6884,通过,STL头与长度正常,学生目录参考样件,仅供参考，不得认定为学生作品
03_实践验证阶段_2026.01-12/04_数据采集/学生作品收集/真实学生作品_待提交/选修一班_A16/参考样件/06_结课综合项目_参考.FCStd,.fcstd,14905,通过,压缩结构完整,学生目录参考样件,仅供参考，不得认定为学生作品
03_实践验证阶段_2026.01-12/04_数据采集/学生作品收集/真实学生作品_待提交/选修一班_A16/参考样件/06_结课综合项目_参考.stl,.stl,108684,通过,STL头与长度正常,学生目录参考样件,仅供参考，不得认定为学生作品
03_实践验证阶段_2026.01-12/04_数据采集/学生作品收集/真实学生作品_待提交/选修一班_A17/_待提交说明.md,.md,1179,通过,UTF-8/结构可读,项目材料,按现行口径或用途核对
03_实践验证阶段_2026.01-12/04_数据采集/学生作品收集/真实学生作品_待提交/选修一班_A17/参考样件/01_钥匙扣.FCStd,.fcstd,9758,通过,压缩结构完整,学生目录参考样件,仅供参考，不得认定为学生作品
03_实践验证阶段_2026.01-12/04_数据采集/学生作品收集/真实学生作品_待提交/选修一班_A17/参考样件/01_钥匙扣.stl,.stl,26484,通过,STL头与长度正常,学生目录参考样件,仅供参考，不得认定为学生作品
03_实践验证阶段_2026.01-12/04_数据采集/学生作品收集/真实学生作品_待提交/选修一班_A17/参考样件/02_笔筒.FCStd,.fcstd,9080,通过,压缩结构完整,学生目录参考样件,仅供参考，不得认定为学生作品
03_实践验证阶段_2026.01-12/04_数据采集/学生作品收集/真实学生作品_待提交/选修一班_A17/参考样件/02_笔筒.stl,.stl,6084,通过,STL头与长度正常,学生目录参考样件,仅供参考，不得认定为学生作品
03_实践验证阶段_2026.01-12/04_数据采集/学生作品收集/真实学生作品_待提交/选修一班_A17/参考样件/03_乐高式积木块_2x4.FCStd,.fcstd,8727,通过,压缩结构完整,学生目录参考样件,仅供参考，不得认定为学生作品
03_实践验证阶段_2026.01-12/04_数据采集/学生作品收集/真实学生作品_待提交/选修一班_A17/参考样件/03_乐高式积木块_2x4.stl,.stl,76084,通过,STL头与长度正常,学生目录参考样件,仅供参考，不得认定为学生作品
03_实践验证阶段_2026.01-12/04_数据采集/学生作品收集/真实学生作品_待提交/选修一班_A17/参考样件/04_手机支架.FCStd,.fcstd,6458,通过,压缩结构完整,学生目录参考样件,仅供参考，不得认定为学生作品
03_实践验证阶段_2026.01-12/04_数据采集/学生作品收集/真实学生作品_待提交/选修一班_A17/参考样件/04_手机支架.stl,.stl,3684,通过,STL头与长度正常,学生目录参考样件,仅供参考，不得认定为学生作品
03_实践验证阶段_2026.01-12/04_数据采集/学生作品收集/真实学生作品_待提交/选修一班_A17/参考样件/05_带盖储物盒.FCStd,.fcstd,14921,通过,压缩结构完整,学生目录参考样件,仅供参考，不得认定为学生作品
03_实践验证阶段_2026.01-12/04_数据采集/学生作品收集/真实学生作品_待提交/选修一班_A17/参考样件/05_带盖储物盒.stl,.stl,6884,通过,STL头与长度正常,学生目录参考样件,仅供参考，不得认定为学生作品
03_实践验证阶段_2026.01-12/04_数据采集/学生作品收集/真实学生作品_待提交/选修一班_A17/参考样件/06_结课综合项目_参考.FCStd,.fcstd,14905,通过,压缩结构完整,学生目录参考样件,仅供参考，不得认定为学生作品
03_实践验证阶段_2026.01-12/04_数据采集/学生作品收集/真实学生作品_待提交/选修一班_A17/参考样件/06_结课综合项目_参考.stl,.stl,108684,通过,STL头与长度正常,学生目录参考样件,仅供参考，不得认定为学生作品
03_实践验证阶段_2026.01-12/04_数据采集/学生作品收集/真实学生作品_待提交/选修一班_A18/_待提交说明.md,.md,1179,通过,UTF-8/结构可读,项目材料,按现行口径或用途核对
03_实践验证阶段_2026.01-12/04_数据采集/学生作品收集/真实学生作品_待提交/选修一班_A18/参考样件/01_钥匙扣.FCStd,.fcstd,9758,通过,压缩结构完整,学生目录参考样件,仅供参考，不得认定为学生作品
03_实践验证阶段_2026.01-12/04_数据采集/学生作品收集/真实学生作品_待提交/选修一班_A18/参考样件/01_钥匙扣.stl,.stl,26484,通过,STL头与长度正常,学生目录参考样件,仅供参考，不得认定为学生作品
03_实践验证阶段_2026.01-12/04_数据采集/学生作品收集/真实学生作品_待提交/选修一班_A18/参考样件/02_笔筒.FCStd,.fcstd,9080,通过,压缩结构完整,学生目录参考样件,仅供参考，不得认定为学生作品
03_实践验证阶段_2026.01-12/04_数据采集/学生作品收集/真实学生作品_待提交/选修一班_A18/参考样件/02_笔筒.stl,.stl,6084,通过,STL头与长度正常,学生目录参考样件,仅供参考，不得认定为学生作品
03_实践验证阶段_2026.01-12/04_数据采集/学生作品收集/真实学生作品_待提交/选修一班_A18/参考样件/03_乐高式积木块_2x4.FCStd,.fcstd,8727,通过,压缩结构完整,学生目录参考样件,仅供参考，不得认定为学生作品
03_实践验证阶段_2026.01-12/04_数据采集/学生作品收集/真实学生作品_待提交/选修一班_A18/参考样件/03_乐高式积木块_2x4.stl,.stl,76084,通过,STL头与长度正常,学生目录参考样件,仅供参考，不得认定为学生作品
03_实践验证阶段_2026.01-12/04_数据采集/学生作品收集/真实学生作品_待提交/选修一班_A18/参考样件/04_手机支架.FCStd,.fcstd,6458,通过,压缩结构完整,学生目录参考样件,仅供参考，不得认定为学生作品
03_实践验证阶段_2026.01-12/04_数据采集/学生作品收集/真实学生作品_待提交/选修一班_A18/参考样件/04_手机支架.stl,.stl,3684,通过,STL头与长度正常,学生目录参考样件,仅供参考，不得认定为学生作品
03_实践验证阶段_2026.01-12/04_数据采集/学生作品收集/真实学生作品_待提交/选修一班_A18/参考样件/05_带盖储物盒.FCStd,.fcstd,14921,通过,压缩结构完整,学生目录参考样件,仅供参考，不得认定为学生作品
03_实践验证阶段_2026.01-12/04_数据采集/学生作品收集/真实学生作品_待提交/选修一班_A18/参考样件/05_带盖储物盒.stl,.stl,6884,通过,STL头与长度正常,学生目录参考样件,仅供参考，不得认定为学生作品
03_实践验证阶段_2026.01-12/04_数据采集/学生作品收集/真实学生作品_待提交/选修一班_A18/参考样件/06_结课综合项目_参考.FCStd,.fcstd,14905,通过,压缩结构完整,学生目录参考样件,仅供参考，不得认定为学生作品
03_实践验证阶段_2026.01-12/04_数据采集/学生作品收集/真实学生作品_待提交/选修一班_A18/参考样件/06_结课综合项目_参考.stl,.stl,108684,通过,STL头与长度正常,学生目录参考样件,仅供参考，不得认定为学生作品
03_实践验证阶段_2026.01-12/04_数据采集/学生作品收集/真实学生作品_待提交/选修一班_A19/_待提交说明.md,.md,1179,通过,UTF-8/结构可读,项目材料,按现行口径或用途核对
03_实践验证阶段_2026.01-12/04_数据采集/学生作品收集/真实学生作品_待提交/选修一班_A19/参考样件/01_钥匙扣.FCStd,.fcstd,9758,通过,压缩结构完整,学生目录参考样件,仅供参考，不得认定为学生作品
03_实践验证阶段_2026.01-12/04_数据采集/学生作品收集/真实学生作品_待提交/选修一班_A19/参考样件/01_钥匙扣.stl,.stl,26484,通过,STL头与长度正常,学生目录参考样件,仅供参考，不得认定为学生作品
03_实践验证阶段_2026.01-12/04_数据采集/学生作品收集/真实学生作品_待提交/选修一班_A19/参考样件/02_笔筒.FCStd,.fcstd,9080,通过,压缩结构完整,学生目录参考样件,仅供参考，不得认定为学生作品
03_实践验证阶段_2026.01-12/04_数据采集/学生作品收集/真实学生作品_待提交/选修一班_A19/参考样件/02_笔筒.stl,.stl,6084,通过,STL头与长度正常,学生目录参考样件,仅供参考，不得认定为学生作品
03_实践验证阶段_2026.01-12/04_数据采集/学生作品收集/真实学生作品_待提交/选修一班_A19/参考样件/03_乐高式积木块_2x4.FCStd,.fcstd,8727,通过,压缩结构完整,学生目录参考样件,仅供参考，不得认定为学生作品
03_实践验证阶段_2026.01-12/04_数据采集/学生作品收集/真实学生作品_待提交/选修一班_A19/参考样件/03_乐高式积木块_2x4.stl,.stl,76084,通过,STL头与长度正常,学生目录参考样件,仅供参考，不得认定为学生作品
03_实践验证阶段_2026.01-12/04_数据采集/学生作品收集/真实学生作品_待提交/选修一班_A19/参考样件/04_手机支架.FCStd,.fcstd,6458,通过,压缩结构完整,学生目录参考样件,仅供参考，不得认定为学生作品
03_实践验证阶段_2026.01-12/04_数据采集/学生作品收集/真实学生作品_待提交/选修一班_A19/参考样件/04_手机支架.stl,.stl,3684,通过,STL头与长度正常,学生目录参考样件,仅供参考，不得认定为学生作品
03_实践验证阶段_2026.01-12/04_数据采集/学生作品收集/真实学生作品_待提交/选修一班_A19/参考样件/05_带盖储物盒.FCStd,.fcstd,14921,通过,压缩结构完整,学生目录参考样件,仅供参考，不得认定为学生作品
03_实践验证阶段_2026.01-12/04_数据采集/学生作品收集/真实学生作品_待提交/选修一班_A19/参考样件/05_带盖储物盒.stl,.stl,6884,通过,STL头与长度正常,学生目录参考样件,仅供参考，不得认定为学生作品
03_实践验证阶段_2026.01-12/04_数据采集/学生作品收集/真实学生作品_待提交/选修一班_A19/参考样件/06_结课综合项目_参考.FCStd,.fcstd,14905,通过,压缩结构完整,学生目录参考样件,仅供参考，不得认定为学生作品
03_实践验证阶段_2026.01-12/04_数据采集/学生作品收集/真实学生作品_待提交/选修一班_A19/参考样件/06_结课综合项目_参考.stl,.stl,108684,通过,STL头与长度正常,学生目录参考样件,仅供参考，不得认定为学生作品
03_实践验证阶段_2026.01-12/04_数据采集/学生作品收集/真实学生作品_待提交/选修一班_A20/_待提交说明.md,.md,1179,通过,UTF-8/结构可读,项目材料,按现行口径或用途核对
03_实践验证阶段_2026.01-12/04_数据采集/学生作品收集/真实学生作品_待提交/选修一班_A20/参考样件/01_钥匙扣.FCStd,.fcstd,9758,通过,压缩结构完整,学生目录参考样件,仅供参考，不得认定为学生作品
03_实践验证阶段_2026.01-12/04_数据采集/学生作品收集/真实学生作品_待提交/选修一班_A20/参考样件/01_钥匙扣.stl,.stl,26484,通过,STL头与长度正常,学生目录参考样件,仅供参考，不得认定为学生作品
03_实践验证阶段_2026.01-12/04_数据采集/学生作品收集/真实学生作品_待提交/选修一班_A20/参考样件/02_笔筒.FCStd,.fcstd,9080,通过,压缩结构完整,学生目录参考样件,仅供参考，不得认定为学生作品
03_实践验证阶段_2026.01-12/04_数据采集/学生作品收集/真实学生作品_待提交/选修一班_A20/参考样件/02_笔筒.stl,.stl,6084,通过,STL头与长度正常,学生目录参考样件,仅供参考，不得认定为学生作品
03_实践验证阶段_2026.01-12/04_数据采集/学生作品收集/真实学生作品_待提交/选修一班_A20/参考样件/03_乐高式积木块_2x4.FCStd,.fcstd,8727,通过,压缩结构完整,学生目录参考样件,仅供参考，不得认定为学生作品
03_实践验证阶段_2026.01-12/04_数据采集/学生作品收集/真实学生作品_待提交/选修一班_A20/参考样件/03_乐高式积木块_2x4.stl,.stl,76084,通过,STL头与长度正常,学生目录参考样件,仅供参考，不得认定为学生作品
03_实践验证阶段_2026.01-12/04_数据采集/学生作品收集/真实学生作品_待提交/选修一班_A20/参考样件/04_手机支架.FCStd,.fcstd,6458,通过,压缩结构完整,学生目录参考样件,仅供参考，不得认定为学生作品
03_实践验证阶段_2026.01-12/04_数据采集/学生作品收集/真实学生作品_待提交/选修一班_A20/参考样件/04_手机支架.stl,.stl,3684,通过,STL头与长度正常,学生目录参考样件,仅供参考，不得认定为学生作品
03_实践验证阶段_2026.01-12/04_数据采集/学生作品收集/真实学生作品_待提交/选修一班_A20/参考样件/05_带盖储物盒.FCStd,.fcstd,14921,通过,压缩结构完整,学生目录参考样件,仅供参考，不得认定为学生作品
03_实践验证阶段_2026.01-12/04_数据采集/学生作品收集/真实学生作品_待提交/选修一班_A20/参考样件/05_带盖储物盒.stl,.stl,6884,通过,STL头与长度正常,学生目录参考样件,仅供参考，不得认定为学生作品
03_实践验证阶段_2026.01-12/04_数据采集/学生作品收集/真实学生作品_待提交/选修一班_A20/参考样件/06_结课综合项目_参考.FCStd,.fcstd,14905,通过,压缩结构完整,学生目录参考样件,仅供参考，不得认定为学生作品
03_实践验证阶段_2026.01-12/04_数据采集/学生作品收集/真实学生作品_待提交/选修一班_A20/参考样件/06_结课综合项目_参考.stl,.stl,108684,通过,STL头与长度正常,学生目录参考样件,仅供参考，不得认定为学生作品
03_实践验证阶段_2026.01-12/04_数据采集/学生作品收集/真实学生作品_待提交/选修一班_A21/_待提交说明.md,.md,1179,通过,UTF-8/结构可读,项目材料,按现行口径或用途核对
03_实践验证阶段_2026.01-12/04_数据采集/学生作品收集/真实学生作品_待提交/选修一班_A21/参考样件/01_钥匙扣.FCStd,.fcstd,9758,通过,压缩结构完整,学生目录参考样件,仅供参考，不得认定为学生作品
03_实践验证阶段_2026.01-12/04_数据采集/学生作品收集/真实学生作品_待提交/选修一班_A21/参考样件/01_钥匙扣.stl,.stl,26484,通过,STL头与长度正常,学生目录参考样件,仅供参考，不得认定为学生作品
03_实践验证阶段_2026.01-12/04_数据采集/学生作品收集/真实学生作品_待提交/选修一班_A21/参考样件/02_笔筒.FCStd,.fcstd,9080,通过,压缩结构完整,学生目录参考样件,仅供参考，不得认定为学生作品
03_实践验证阶段_2026.01-12/04_数据采集/学生作品收集/真实学生作品_待提交/选修一班_A21/参考样件/02_笔筒.stl,.stl,6084,通过,STL头与长度正常,学生目录参考样件,仅供参考，不得认定为学生作品
03_实践验证阶段_2026.01-12/04_数据采集/学生作品收集/真实学生作品_待提交/选修一班_A21/参考样件/03_乐高式积木块_2x4.FCStd,.fcstd,8727,通过,压缩结构完整,学生目录参考样件,仅供参考，不得认定为学生作品
03_实践验证阶段_2026.01-12/04_数据采集/学生作品收集/真实学生作品_待提交/选修一班_A21/参考样件/03_乐高式积木块_2x4.stl,.stl,76084,通过,STL头与长度正常,学生目录参考样件,仅供参考，不得认定为学生作品
03_实践验证阶段_2026.01-12/04_数据采集/学生作品收集/真实学生作品_待提交/选修一班_A21/参考样件/04_手机支架.FCStd,.fcstd,6458,通过,压缩结构完整,学生目录参考样件,仅供参考，不得认定为学生作品
03_实践验证阶段_2026.01-12/04_数据采集/学生作品收集/真实学生作品_待提交/选修一班_A21/参考样件/04_手机支架.stl,.stl,3684,通过,STL头与长度正常,学生目录参考样件,仅供参考，不得认定为学生作品
03_实践验证阶段_2026.01-12/04_数据采集/学生作品收集/真实学生作品_待提交/选修一班_A21/参考样件/05_带盖储物盒.FCStd,.fcstd,14921,通过,压缩结构完整,学生目录参考样件,仅供参考，不得认定为学生作品
03_实践验证阶段_2026.01-12/04_数据采集/学生作品收集/真实学生作品_待提交/选修一班_A21/参考样件/05_带盖储物盒.stl,.stl,6884,通过,STL头与长度正常,学生目录参考样件,仅供参考，不得认定为学生作品
03_实践验证阶段_2026.01-12/04_数据采集/学生作品收集/真实学生作品_待提交/选修一班_A21/参考样件/06_结课综合项目_参考.FCStd,.fcstd,14905,通过,压缩结构完整,学生目录参考样件,仅供参考，不得认定为学生作品
03_实践验证阶段_2026.01-12/04_数据采集/学生作品收集/真实学生作品_待提交/选修一班_A21/参考样件/06_结课综合项目_参考.stl,.stl,108684,通过,STL头与长度正常,学生目录参考样件,仅供参考，不得认定为学生作品
03_实践验证阶段_2026.01-12/04_数据采集/学生作品收集/真实学生作品_待提交/选修一班_A22/_待提交说明.md,.md,1179,通过,UTF-8/结构可读,项目材料,按现行口径或用途核对
03_实践验证阶段_2026.01-12/04_数据采集/学生作品收集/真实学生作品_待提交/选修一班_A22/参考样件/01_钥匙扣.FCStd,.fcstd,9758,通过,压缩结构完整,学生目录参考样件,仅供参考，不得认定为学生作品
03_实践验证阶段_2026.01-12/04_数据采集/学生作品收集/真实学生作品_待提交/选修一班_A22/参考样件/01_钥匙扣.stl,.stl,26484,通过,STL头与长度正常,学生目录参考样件,仅供参考，不得认定为学生作品
03_实践验证阶段_2026.01-12/04_数据采集/学生作品收集/真实学生作品_待提交/选修一班_A22/参考样件/02_笔筒.FCStd,.fcstd,9080,通过,压缩结构完整,学生目录参考样件,仅供参考，不得认定为学生作品
03_实践验证阶段_2026.01-12/04_数据采集/学生作品收集/真实学生作品_待提交/选修一班_A22/参考样件/02_笔筒.stl,.stl,6084,通过,STL头与长度正常,学生目录参考样件,仅供参考，不得认定为学生作品
03_实践验证阶段_2026.01-12/04_数据采集/学生作品收集/真实学生作品_待提交/选修一班_A22/参考样件/03_乐高式积木块_2x4.FCStd,.fcstd,8727,通过,压缩结构完整,学生目录参考样件,仅供参考，不得认定为学生作品
03_实践验证阶段_2026.01-12/04_数据采集/学生作品收集/真实学生作品_待提交/选修一班_A22/参考样件/03_乐高式积木块_2x4.stl,.stl,76084,通过,STL头与长度正常,学生目录参考样件,仅供参考，不得认定为学生作品
03_实践验证阶段_2026.01-12/04_数据采集/学生作品收集/真实学生作品_待提交/选修一班_A22/参考样件/04_手机支架.FCStd,.fcstd,6458,通过,压缩结构完整,学生目录参考样件,仅供参考，不得认定为学生作品
03_实践验证阶段_2026.01-12/04_数据采集/学生作品收集/真实学生作品_待提交/选修一班_A22/参考样件/04_手机支架.stl,.stl,3684,通过,STL头与长度正常,学生目录参考样件,仅供参考，不得认定为学生作品
03_实践验证阶段_2026.01-12/04_数据采集/学生作品收集/真实学生作品_待提交/选修一班_A22/参考样件/05_带盖储物盒.FCStd,.fcstd,14921,通过,压缩结构完整,学生目录参考样件,仅供参考，不得认定为学生作品
03_实践验证阶段_2026.01-12/04_数据采集/学生作品收集/真实学生作品_待提交/选修一班_A22/参考样件/05_带盖储物盒.stl,.stl,6884,通过,STL头与长度正常,学生目录参考样件,仅供参考，不得认定为学生作品
03_实践验证阶段_2026.01-12/04_数据采集/学生作品收集/真实学生作品_待提交/选修一班_A22/参考样件/06_结课综合项目_参考.FCStd,.fcstd,14905,通过,压缩结构完整,学生目录参考样件,仅供参考，不得认定为学生作品
03_实践验证阶段_2026.01-12/04_数据采集/学生作品收集/真实学生作品_待提交/选修一班_A22/参考样件/06_结课综合项目_参考.stl,.stl,108684,通过,STL头与长度正常,学生目录参考样件,仅供参考，不得认定为学生作品
03_实践验证阶段_2026.01-12/04_数据采集/学生作品收集/真实学生作品_待提交/选修一班_A23/_待提交说明.md,.md,1179,通过,UTF-8/结构可读,项目材料,按现行口径或用途核对
03_实践验证阶段_2026.01-12/04_数据采集/学生作品收集/真实学生作品_待提交/选修一班_A23/参考样件/01_钥匙扣.FCStd,.fcstd,9758,通过,压缩结构完整,学生目录参考样件,仅供参考，不得认定为学生作品
03_实践验证阶段_2026.01-12/04_数据采集/学生作品收集/真实学生作品_待提交/选修一班_A23/参考样件/01_钥匙扣.stl,.stl,26484,通过,STL头与长度正常,学生目录参考样件,仅供参考，不得认定为学生作品
03_实践验证阶段_2026.01-12/04_数据采集/学生作品收集/真实学生作品_待提交/选修一班_A23/参考样件/02_笔筒.FCStd,.fcstd,9080,通过,压缩结构完整,学生目录参考样件,仅供参考，不得认定为学生作品
03_实践验证阶段_2026.01-12/04_数据采集/学生作品收集/真实学生作品_待提交/选修一班_A23/参考样件/02_笔筒.stl,.stl,6084,通过,STL头与长度正常,学生目录参考样件,仅供参考，不得认定为学生作品
03_实践验证阶段_2026.01-12/04_数据采集/学生作品收集/真实学生作品_待提交/选修一班_A23/参考样件/03_乐高式积木块_2x4.FCStd,.fcstd,8727,通过,压缩结构完整,学生目录参考样件,仅供参考，不得认定为学生作品
03_实践验证阶段_2026.01-12/04_数据采集/学生作品收集/真实学生作品_待提交/选修一班_A23/参考样件/03_乐高式积木块_2x4.stl,.stl,76084,通过,STL头与长度正常,学生目录参考样件,仅供参考，不得认定为学生作品
03_实践验证阶段_2026.01-12/04_数据采集/学生作品收集/真实学生作品_待提交/选修一班_A23/参考样件/04_手机支架.FCStd,.fcstd,6458,通过,压缩结构完整,学生目录参考样件,仅供参考，不得认定为学生作品
03_实践验证阶段_2026.01-12/04_数据采集/学生作品收集/真实学生作品_待提交/选修一班_A23/参考样件/04_手机支架.stl,.stl,3684,通过,STL头与长度正常,学生目录参考样件,仅供参考，不得认定为学生作品
03_实践验证阶段_2026.01-12/04_数据采集/学生作品收集/真实学生作品_待提交/选修一班_A23/参考样件/05_带盖储物盒.FCStd,.fcstd,14921,通过,压缩结构完整,学生目录参考样件,仅供参考，不得认定为学生作品
03_实践验证阶段_2026.01-12/04_数据采集/学生作品收集/真实学生作品_待提交/选修一班_A23/参考样件/05_带盖储物盒.stl,.stl,6884,通过,STL头与长度正常,学生目录参考样件,仅供参考，不得认定为学生作品
03_实践验证阶段_2026.01-12/04_数据采集/学生作品收集/真实学生作品_待提交/选修一班_A23/参考样件/06_结课综合项目_参考.FCStd,.fcstd,14905,通过,压缩结构完整,学生目录参考样件,仅供参考，不得认定为学生作品
03_实践验证阶段_2026.01-12/04_数据采集/学生作品收集/真实学生作品_待提交/选修一班_A23/参考样件/06_结课综合项目_参考.stl,.stl,108684,通过,STL头与长度正常,学生目录参考样件,仅供参考，不得认定为学生作品
03_实践验证阶段_2026.01-12/04_数据采集/学生作品收集/真实学生作品_待提交/选修一班_A24/_待提交说明.md,.md,1179,通过,UTF-8/结构可读,项目材料,按现行口径或用途核对
03_实践验证阶段_2026.01-12/04_数据采集/学生作品收集/真实学生作品_待提交/选修一班_A24/参考样件/01_钥匙扣.FCStd,.fcstd,9758,通过,压缩结构完整,学生目录参考样件,仅供参考，不得认定为学生作品
03_实践验证阶段_2026.01-12/04_数据采集/学生作品收集/真实学生作品_待提交/选修一班_A24/参考样件/01_钥匙扣.stl,.stl,26484,通过,STL头与长度正常,学生目录参考样件,仅供参考，不得认定为学生作品
03_实践验证阶段_2026.01-12/04_数据采集/学生作品收集/真实学生作品_待提交/选修一班_A24/参考样件/02_笔筒.FCStd,.fcstd,9080,通过,压缩结构完整,学生目录参考样件,仅供参考，不得认定为学生作品
03_实践验证阶段_2026.01-12/04_数据采集/学生作品收集/真实学生作品_待提交/选修一班_A24/参考样件/02_笔筒.stl,.stl,6084,通过,STL头与长度正常,学生目录参考样件,仅供参考，不得认定为学生作品
03_实践验证阶段_2026.01-12/04_数据采集/学生作品收集/真实学生作品_待提交/选修一班_A24/参考样件/03_乐高式积木块_2x4.FCStd,.fcstd,8727,通过,压缩结构完整,学生目录参考样件,仅供参考，不得认定为学生作品
03_实践验证阶段_2026.01-12/04_数据采集/学生作品收集/真实学生作品_待提交/选修一班_A24/参考样件/03_乐高式积木块_2x4.stl,.stl,76084,通过,STL头与长度正常,学生目录参考样件,仅供参考，不得认定为学生作品
03_实践验证阶段_2026.01-12/04_数据采集/学生作品收集/真实学生作品_待提交/选修一班_A24/参考样件/04_手机支架.FCStd,.fcstd,6458,通过,压缩结构完整,学生目录参考样件,仅供参考，不得认定为学生作品
03_实践验证阶段_2026.01-12/04_数据采集/学生作品收集/真实学生作品_待提交/选修一班_A24/参考样件/04_手机支架.stl,.stl,3684,通过,STL头与长度正常,学生目录参考样件,仅供参考，不得认定为学生作品
03_实践验证阶段_2026.01-12/04_数据采集/学生作品收集/真实学生作品_待提交/选修一班_A24/参考样件/05_带盖储物盒.FCStd,.fcstd,14921,通过,压缩结构完整,学生目录参考样件,仅供参考，不得认定为学生作品
03_实践验证阶段_2026.01-12/04_数据采集/学生作品收集/真实学生作品_待提交/选修一班_A24/参考样件/05_带盖储物盒.stl,.stl,6884,通过,STL头与长度正常,学生目录参考样件,仅供参考，不得认定为学生作品
03_实践验证阶段_2026.01-12/04_数据采集/学生作品收集/真实学生作品_待提交/选修一班_A24/参考样件/06_结课综合项目_参考.FCStd,.fcstd,14905,通过,压缩结构完整,学生目录参考样件,仅供参考，不得认定为学生作品
03_实践验证阶段_2026.01-12/04_数据采集/学生作品收集/真实学生作品_待提交/选修一班_A24/参考样件/06_结课综合项目_参考.stl,.stl,108684,通过,STL头与长度正常,学生目录参考样件,仅供参考，不得认定为学生作品
03_实践验证阶段_2026.01-12/04_数据采集/学生作品收集/真实学生作品_待提交/选修一班_A25/_待提交说明.md,.md,1179,通过,UTF-8/结构可读,项目材料,按现行口径或用途核对
03_实践验证阶段_2026.01-12/04_数据采集/学生作品收集/真实学生作品_待提交/选修一班_A25/参考样件/01_钥匙扣.FCStd,.fcstd,9758,通过,压缩结构完整,学生目录参考样件,仅供参考，不得认定为学生作品
03_实践验证阶段_2026.01-12/04_数据采集/学生作品收集/真实学生作品_待提交/选修一班_A25/参考样件/01_钥匙扣.stl,.stl,26484,通过,STL头与长度正常,学生目录参考样件,仅供参考，不得认定为学生作品
03_实践验证阶段_2026.01-12/04_数据采集/学生作品收集/真实学生作品_待提交/选修一班_A25/参考样件/02_笔筒.FCStd,.fcstd,9080,通过,压缩结构完整,学生目录参考样件,仅供参考，不得认定为学生作品
03_实践验证阶段_2026.01-12/04_数据采集/学生作品收集/真实学生作品_待提交/选修一班_A25/参考样件/02_笔筒.stl,.stl,6084,通过,STL头与长度正常,学生目录参考样件,仅供参考，不得认定为学生作品
03_实践验证阶段_2026.01-12/04_数据采集/学生作品收集/真实学生作品_待提交/选修一班_A25/参考样件/03_乐高式积木块_2x4.FCStd,.fcstd,8727,通过,压缩结构完整,学生目录参考样件,仅供参考，不得认定为学生作品
03_实践验证阶段_2026.01-12/04_数据采集/学生作品收集/真实学生作品_待提交/选修一班_A25/参考样件/03_乐高式积木块_2x4.stl,.stl,76084,通过,STL头与长度正常,学生目录参考样件,仅供参考，不得认定为学生作品
03_实践验证阶段_2026.01-12/04_数据采集/学生作品收集/真实学生作品_待提交/选修一班_A25/参考样件/04_手机支架.FCStd,.fcstd,6458,通过,压缩结构完整,学生目录参考样件,仅供参考，不得认定为学生作品
03_实践验证阶段_2026.01-12/04_数据采集/学生作品收集/真实学生作品_待提交/选修一班_A25/参考样件/04_手机支架.stl,.stl,3684,通过,STL头与长度正常,学生目录参考样件,仅供参考，不得认定为学生作品
03_实践验证阶段_2026.01-12/04_数据采集/学生作品收集/真实学生作品_待提交/选修一班_A25/参考样件/05_带盖储物盒.FCStd,.fcstd,14921,通过,压缩结构完整,学生目录参考样件,仅供参考，不得认定为学生作品
03_实践验证阶段_2026.01-12/04_数据采集/学生作品收集/真实学生作品_待提交/选修一班_A25/参考样件/05_带盖储物盒.stl,.stl,6884,通过,STL头与长度正常,学生目录参考样件,仅供参考，不得认定为学生作品
03_实践验证阶段_2026.01-12/04_数据采集/学生作品收集/真实学生作品_待提交/选修一班_A25/参考样件/06_结课综合项目_参考.FCStd,.fcstd,14905,通过,压缩结构完整,学生目录参考样件,仅供参考，不得认定为学生作品
03_实践验证阶段_2026.01-12/04_数据采集/学生作品收集/真实学生作品_待提交/选修一班_A25/参考样件/06_结课综合项目_参考.stl,.stl,108684,通过,STL头与长度正常,学生目录参考样件,仅供参考，不得认定为学生作品
03_实践验证阶段_2026.01-12/04_数据采集/学生作品收集/真实学生作品_待提交/选修一班_A26/_待提交说明.md,.md,1179,通过,UTF-8/结构可读,项目材料,按现行口径或用途核对
03_实践验证阶段_2026.01-12/04_数据采集/学生作品收集/真实学生作品_待提交/选修一班_A26/参考样件/01_钥匙扣.FCStd,.fcstd,9758,通过,压缩结构完整,学生目录参考样件,仅供参考，不得认定为学生作品
03_实践验证阶段_2026.01-12/04_数据采集/学生作品收集/真实学生作品_待提交/选修一班_A26/参考样件/01_钥匙扣.stl,.stl,26484,通过,STL头与长度正常,学生目录参考样件,仅供参考，不得认定为学生作品
03_实践验证阶段_2026.01-12/04_数据采集/学生作品收集/真实学生作品_待提交/选修一班_A26/参考样件/02_笔筒.FCStd,.fcstd,9080,通过,压缩结构完整,学生目录参考样件,仅供参考，不得认定为学生作品
03_实践验证阶段_2026.01-12/04_数据采集/学生作品收集/真实学生作品_待提交/选修一班_A26/参考样件/02_笔筒.stl,.stl,6084,通过,STL头与长度正常,学生目录参考样件,仅供参考，不得认定为学生作品
03_实践验证阶段_2026.01-12/04_数据采集/学生作品收集/真实学生作品_待提交/选修一班_A26/参考样件/03_乐高式积木块_2x4.FCStd,.fcstd,8727,通过,压缩结构完整,学生目录参考样件,仅供参考，不得认定为学生作品
03_实践验证阶段_2026.01-12/04_数据采集/学生作品收集/真实学生作品_待提交/选修一班_A26/参考样件/03_乐高式积木块_2x4.stl,.stl,76084,通过,STL头与长度正常,学生目录参考样件,仅供参考，不得认定为学生作品
03_实践验证阶段_2026.01-12/04_数据采集/学生作品收集/真实学生作品_待提交/选修一班_A26/参考样件/04_手机支架.FCStd,.fcstd,6458,通过,压缩结构完整,学生目录参考样件,仅供参考，不得认定为学生作品
03_实践验证阶段_2026.01-12/04_数据采集/学生作品收集/真实学生作品_待提交/选修一班_A26/参考样件/04_手机支架.stl,.stl,3684,通过,STL头与长度正常,学生目录参考样件,仅供参考，不得认定为学生作品
03_实践验证阶段_2026.01-12/04_数据采集/学生作品收集/真实学生作品_待提交/选修一班_A26/参考样件/05_带盖储物盒.FCStd,.fcstd,14921,通过,压缩结构完整,学生目录参考样件,仅供参考，不得认定为学生作品
03_实践验证阶段_2026.01-12/04_数据采集/学生作品收集/真实学生作品_待提交/选修一班_A26/参考样件/05_带盖储物盒.stl,.stl,6884,通过,STL头与长度正常,学生目录参考样件,仅供参考，不得认定为学生作品
03_实践验证阶段_2026.01-12/04_数据采集/学生作品收集/真实学生作品_待提交/选修一班_A26/参考样件/06_结课综合项目_参考.FCStd,.fcstd,14905,通过,压缩结构完整,学生目录参考样件,仅供参考，不得认定为学生作品
03_实践验证阶段_2026.01-12/04_数据采集/学生作品收集/真实学生作品_待提交/选修一班_A26/参考样件/06_结课综合项目_参考.stl,.stl,108684,通过,STL头与长度正常,学生目录参考样件,仅供参考，不得认定为学生作品
03_实践验证阶段_2026.01-12/04_数据采集/学生作品收集/真实学生作品_待提交/选修一班_A27/_待提交说明.md,.md,1179,通过,UTF-8/结构可读,项目材料,按现行口径或用途核对
03_实践验证阶段_2026.01-12/04_数据采集/学生作品收集/真实学生作品_待提交/选修一班_A27/参考样件/01_钥匙扣.FCStd,.fcstd,9758,通过,压缩结构完整,学生目录参考样件,仅供参考，不得认定为学生作品
03_实践验证阶段_2026.01-12/04_数据采集/学生作品收集/真实学生作品_待提交/选修一班_A27/参考样件/01_钥匙扣.stl,.stl,26484,通过,STL头与长度正常,学生目录参考样件,仅供参考，不得认定为学生作品
03_实践验证阶段_2026.01-12/04_数据采集/学生作品收集/真实学生作品_待提交/选修一班_A27/参考样件/02_笔筒.FCStd,.fcstd,9080,通过,压缩结构完整,学生目录参考样件,仅供参考，不得认定为学生作品
03_实践验证阶段_2026.01-12/04_数据采集/学生作品收集/真实学生作品_待提交/选修一班_A27/参考样件/02_笔筒.stl,.stl,6084,通过,STL头与长度正常,学生目录参考样件,仅供参考，不得认定为学生作品
03_实践验证阶段_2026.01-12/04_数据采集/学生作品收集/真实学生作品_待提交/选修一班_A27/参考样件/03_乐高式积木块_2x4.FCStd,.fcstd,8727,通过,压缩结构完整,学生目录参考样件,仅供参考，不得认定为学生作品
03_实践验证阶段_2026.01-12/04_数据采集/学生作品收集/真实学生作品_待提交/选修一班_A27/参考样件/03_乐高式积木块_2x4.stl,.stl,76084,通过,STL头与长度正常,学生目录参考样件,仅供参考，不得认定为学生作品
03_实践验证阶段_2026.01-12/04_数据采集/学生作品收集/真实学生作品_待提交/选修一班_A27/参考样件/04_手机支架.FCStd,.fcstd,6458,通过,压缩结构完整,学生目录参考样件,仅供参考，不得认定为学生作品
03_实践验证阶段_2026.01-12/04_数据采集/学生作品收集/真实学生作品_待提交/选修一班_A27/参考样件/04_手机支架.stl,.stl,3684,通过,STL头与长度正常,学生目录参考样件,仅供参考，不得认定为学生作品
03_实践验证阶段_2026.01-12/04_数据采集/学生作品收集/真实学生作品_待提交/选修一班_A27/参考样件/05_带盖储物盒.FCStd,.fcstd,14921,通过,压缩结构完整,学生目录参考样件,仅供参考，不得认定为学生作品
03_实践验证阶段_2026.01-12/04_数据采集/学生作品收集/真实学生作品_待提交/选修一班_A27/参考样件/05_带盖储物盒.stl,.stl,6884,通过,STL头与长度正常,学生目录参考样件,仅供参考，不得认定为学生作品
03_实践验证阶段_2026.01-12/04_数据采集/学生作品收集/真实学生作品_待提交/选修一班_A27/参考样件/06_结课综合项目_参考.FCStd,.fcstd,14905,通过,压缩结构完整,学生目录参考样件,仅供参考，不得认定为学生作品
03_实践验证阶段_2026.01-12/04_数据采集/学生作品收集/真实学生作品_待提交/选修一班_A27/参考样件/06_结课综合项目_参考.stl,.stl,108684,通过,STL头与长度正常,学生目录参考样件,仅供参考，不得认定为学生作品
03_实践验证阶段_2026.01-12/04_数据采集/学生作品收集/真实学生作品_待提交/选修一班_A28/_待提交说明.md,.md,1179,通过,UTF-8/结构可读,项目材料,按现行口径或用途核对
03_实践验证阶段_2026.01-12/04_数据采集/学生作品收集/真实学生作品_待提交/选修一班_A28/参考样件/01_钥匙扣.FCStd,.fcstd,9758,通过,压缩结构完整,学生目录参考样件,仅供参考，不得认定为学生作品
03_实践验证阶段_2026.01-12/04_数据采集/学生作品收集/真实学生作品_待提交/选修一班_A28/参考样件/01_钥匙扣.stl,.stl,26484,通过,STL头与长度正常,学生目录参考样件,仅供参考，不得认定为学生作品
03_实践验证阶段_2026.01-12/04_数据采集/学生作品收集/真实学生作品_待提交/选修一班_A28/参考样件/02_笔筒.FCStd,.fcstd,9080,通过,压缩结构完整,学生目录参考样件,仅供参考，不得认定为学生作品
03_实践验证阶段_2026.01-12/04_数据采集/学生作品收集/真实学生作品_待提交/选修一班_A28/参考样件/02_笔筒.stl,.stl,6084,通过,STL头与长度正常,学生目录参考样件,仅供参考，不得认定为学生作品
03_实践验证阶段_2026.01-12/04_数据采集/学生作品收集/真实学生作品_待提交/选修一班_A28/参考样件/03_乐高式积木块_2x4.FCStd,.fcstd,8727,通过,压缩结构完整,学生目录参考样件,仅供参考，不得认定为学生作品
03_实践验证阶段_2026.01-12/04_数据采集/学生作品收集/真实学生作品_待提交/选修一班_A28/参考样件/03_乐高式积木块_2x4.stl,.stl,76084,通过,STL头与长度正常,学生目录参考样件,仅供参考，不得认定为学生作品
03_实践验证阶段_2026.01-12/04_数据采集/学生作品收集/真实学生作品_待提交/选修一班_A28/参考样件/04_手机支架.FCStd,.fcstd,6458,通过,压缩结构完整,学生目录参考样件,仅供参考，不得认定为学生作品
03_实践验证阶段_2026.01-12/04_数据采集/学生作品收集/真实学生作品_待提交/选修一班_A28/参考样件/04_手机支架.stl,.stl,3684,通过,STL头与长度正常,学生目录参考样件,仅供参考，不得认定为学生作品
03_实践验证阶段_2026.01-12/04_数据采集/学生作品收集/真实学生作品_待提交/选修一班_A28/参考样件/05_带盖储物盒.FCStd,.fcstd,14921,通过,压缩结构完整,学生目录参考样件,仅供参考，不得认定为学生作品
03_实践验证阶段_2026.01-12/04_数据采集/学生作品收集/真实学生作品_待提交/选修一班_A28/参考样件/05_带盖储物盒.stl,.stl,6884,通过,STL头与长度正常,学生目录参考样件,仅供参考，不得认定为学生作品
03_实践验证阶段_2026.01-12/04_数据采集/学生作品收集/真实学生作品_待提交/选修一班_A28/参考样件/06_结课综合项目_参考.FCStd,.fcstd,14905,通过,压缩结构完整,学生目录参考样件,仅供参考，不得认定为学生作品
03_实践验证阶段_2026.01-12/04_数据采集/学生作品收集/真实学生作品_待提交/选修一班_A28/参考样件/06_结课综合项目_参考.stl,.stl,108684,通过,STL头与长度正常,学生目录参考样件,仅供参考，不得认定为学生作品
03_实践验证阶段_2026.01-12/04_数据采集/学生作品收集/真实学生作品_待提交/选修一班_A29/_待提交说明.md,.md,1179,通过,UTF-8/结构可读,项目材料,按现行口径或用途核对
03_实践验证阶段_2026.01-12/04_数据采集/学生作品收集/真实学生作品_待提交/选修一班_A29/参考样件/01_钥匙扣.FCStd,.fcstd,9758,通过,压缩结构完整,学生目录参考样件,仅供参考，不得认定为学生作品
03_实践验证阶段_2026.01-12/04_数据采集/学生作品收集/真实学生作品_待提交/选修一班_A29/参考样件/01_钥匙扣.stl,.stl,26484,通过,STL头与长度正常,学生目录参考样件,仅供参考，不得认定为学生作品
03_实践验证阶段_2026.01-12/04_数据采集/学生作品收集/真实学生作品_待提交/选修一班_A29/参考样件/02_笔筒.FCStd,.fcstd,9080,通过,压缩结构完整,学生目录参考样件,仅供参考，不得认定为学生作品
03_实践验证阶段_2026.01-12/04_数据采集/学生作品收集/真实学生作品_待提交/选修一班_A29/参考样件/02_笔筒.stl,.stl,6084,通过,STL头与长度正常,学生目录参考样件,仅供参考，不得认定为学生作品
03_实践验证阶段_2026.01-12/04_数据采集/学生作品收集/真实学生作品_待提交/选修一班_A29/参考样件/03_乐高式积木块_2x4.FCStd,.fcstd,8727,通过,压缩结构完整,学生目录参考样件,仅供参考，不得认定为学生作品
03_实践验证阶段_2026.01-12/04_数据采集/学生作品收集/真实学生作品_待提交/选修一班_A29/参考样件/03_乐高式积木块_2x4.stl,.stl,76084,通过,STL头与长度正常,学生目录参考样件,仅供参考，不得认定为学生作品
03_实践验证阶段_2026.01-12/04_数据采集/学生作品收集/真实学生作品_待提交/选修一班_A29/参考样件/04_手机支架.FCStd,.fcstd,6458,通过,压缩结构完整,学生目录参考样件,仅供参考，不得认定为学生作品
03_实践验证阶段_2026.01-12/04_数据采集/学生作品收集/真实学生作品_待提交/选修一班_A29/参考样件/04_手机支架.stl,.stl,3684,通过,STL头与长度正常,学生目录参考样件,仅供参考，不得认定为学生作品
03_实践验证阶段_2026.01-12/04_数据采集/学生作品收集/真实学生作品_待提交/选修一班_A29/参考样件/05_带盖储物盒.FCStd,.fcstd,14921,通过,压缩结构完整,学生目录参考样件,仅供参考，不得认定为学生作品
03_实践验证阶段_2026.01-12/04_数据采集/学生作品收集/真实学生作品_待提交/选修一班_A29/参考样件/05_带盖储物盒.stl,.stl,6884,通过,STL头与长度正常,学生目录参考样件,仅供参考，不得认定为学生作品
03_实践验证阶段_2026.01-12/04_数据采集/学生作品收集/真实学生作品_待提交/选修一班_A29/参考样件/06_结课综合项目_参考.FCStd,.fcstd,14905,通过,压缩结构完整,学生目录参考样件,仅供参考，不得认定为学生作品
03_实践验证阶段_2026.01-12/04_数据采集/学生作品收集/真实学生作品_待提交/选修一班_A29/参考样件/06_结课综合项目_参考.stl,.stl,108684,通过,STL头与长度正常,学生目录参考样件,仅供参考，不得认定为学生作品
03_实践验证阶段_2026.01-12/04_数据采集/学生作品收集/真实学生作品_待提交/选修一班_A30/_待提交说明.md,.md,1179,通过,UTF-8/结构可读,项目材料,按现行口径或用途核对
03_实践验证阶段_2026.01-12/04_数据采集/学生作品收集/真实学生作品_待提交/选修一班_A30/参考样件/01_钥匙扣.FCStd,.fcstd,9758,通过,压缩结构完整,学生目录参考样件,仅供参考，不得认定为学生作品
03_实践验证阶段_2026.01-12/04_数据采集/学生作品收集/真实学生作品_待提交/选修一班_A30/参考样件/01_钥匙扣.stl,.stl,26484,通过,STL头与长度正常,学生目录参考样件,仅供参考，不得认定为学生作品
03_实践验证阶段_2026.01-12/04_数据采集/学生作品收集/真实学生作品_待提交/选修一班_A30/参考样件/02_笔筒.FCStd,.fcstd,9080,通过,压缩结构完整,学生目录参考样件,仅供参考，不得认定为学生作品
03_实践验证阶段_2026.01-12/04_数据采集/学生作品收集/真实学生作品_待提交/选修一班_A30/参考样件/02_笔筒.stl,.stl,6084,通过,STL头与长度正常,学生目录参考样件,仅供参考，不得认定为学生作品
03_实践验证阶段_2026.01-12/04_数据采集/学生作品收集/真实学生作品_待提交/选修一班_A30/参考样件/03_乐高式积木块_2x4.FCStd,.fcstd,8727,通过,压缩结构完整,学生目录参考样件,仅供参考，不得认定为学生作品
03_实践验证阶段_2026.01-12/04_数据采集/学生作品收集/真实学生作品_待提交/选修一班_A30/参考样件/03_乐高式积木块_2x4.stl,.stl,76084,通过,STL头与长度正常,学生目录参考样件,仅供参考，不得认定为学生作品
03_实践验证阶段_2026.01-12/04_数据采集/学生作品收集/真实学生作品_待提交/选修一班_A30/参考样件/04_手机支架.FCStd,.fcstd,6458,通过,压缩结构完整,学生目录参考样件,仅供参考，不得认定为学生作品
03_实践验证阶段_2026.01-12/04_数据采集/学生作品收集/真实学生作品_待提交/选修一班_A30/参考样件/04_手机支架.stl,.stl,3684,通过,STL头与长度正常,学生目录参考样件,仅供参考，不得认定为学生作品
03_实践验证阶段_2026.01-12/04_数据采集/学生作品收集/真实学生作品_待提交/选修一班_A30/参考样件/05_带盖储物盒.FCStd,.fcstd,14921,通过,压缩结构完整,学生目录参考样件,仅供参考，不得认定为学生作品
03_实践验证阶段_2026.01-12/04_数据采集/学生作品收集/真实学生作品_待提交/选修一班_A30/参考样件/05_带盖储物盒.stl,.stl,6884,通过,STL头与长度正常,学生目录参考样件,仅供参考，不得认定为学生作品
03_实践验证阶段_2026.01-12/04_数据采集/学生作品收集/真实学生作品_待提交/选修一班_A30/参考样件/06_结课综合项目_参考.FCStd,.fcstd,14905,通过,压缩结构完整,学生目录参考样件,仅供参考，不得认定为学生作品
03_实践验证阶段_2026.01-12/04_数据采集/学生作品收集/真实学生作品_待提交/选修一班_A30/参考样件/06_结课综合项目_参考.stl,.stl,108684,通过,STL头与长度正常,学生目录参考样件,仅供参考，不得认定为学生作品
03_实践验证阶段_2026.01-12/04_数据采集/学生作品收集/真实学生作品_待提交/选修二班_B01/.DS_Store,[无],8196,通过,非空二进制/辅助文件,系统元数据,不作为送审材料
03_实践验证阶段_2026.01-12/04_数据采集/学生作品收集/真实学生作品_待提交/选修二班_B01/_待提交说明.md,.md,1179,通过,UTF-8/结构可读,项目材料,按现行口径或用途核对
03_实践验证阶段_2026.01-12/04_数据采集/学生作品收集/真实学生作品_待提交/选修二班_B01/参考样件/01_钥匙扣.FCStd,.fcstd,9758,通过,压缩结构完整,学生目录参考样件,仅供参考，不得认定为学生作品
03_实践验证阶段_2026.01-12/04_数据采集/学生作品收集/真实学生作品_待提交/选修二班_B01/参考样件/01_钥匙扣.stl,.stl,26484,通过,STL头与长度正常,学生目录参考样件,仅供参考，不得认定为学生作品
03_实践验证阶段_2026.01-12/04_数据采集/学生作品收集/真实学生作品_待提交/选修二班_B01/参考样件/02_笔筒.FCStd,.fcstd,9080,通过,压缩结构完整,学生目录参考样件,仅供参考，不得认定为学生作品
03_实践验证阶段_2026.01-12/04_数据采集/学生作品收集/真实学生作品_待提交/选修二班_B01/参考样件/02_笔筒.stl,.stl,6084,通过,STL头与长度正常,学生目录参考样件,仅供参考，不得认定为学生作品
03_实践验证阶段_2026.01-12/04_数据采集/学生作品收集/真实学生作品_待提交/选修二班_B01/参考样件/03_乐高式积木块_2x4.FCStd,.fcstd,8727,通过,压缩结构完整,学生目录参考样件,仅供参考，不得认定为学生作品
03_实践验证阶段_2026.01-12/04_数据采集/学生作品收集/真实学生作品_待提交/选修二班_B01/参考样件/03_乐高式积木块_2x4.stl,.stl,76084,通过,STL头与长度正常,学生目录参考样件,仅供参考，不得认定为学生作品
03_实践验证阶段_2026.01-12/04_数据采集/学生作品收集/真实学生作品_待提交/选修二班_B01/参考样件/04_手机支架.FCStd,.fcstd,6458,通过,压缩结构完整,学生目录参考样件,仅供参考，不得认定为学生作品
03_实践验证阶段_2026.01-12/04_数据采集/学生作品收集/真实学生作品_待提交/选修二班_B01/参考样件/04_手机支架.stl,.stl,3684,通过,STL头与长度正常,学生目录参考样件,仅供参考，不得认定为学生作品
03_实践验证阶段_2026.01-12/04_数据采集/学生作品收集/真实学生作品_待提交/选修二班_B01/参考样件/05_带盖储物盒.FCStd,.fcstd,14921,通过,压缩结构完整,学生目录参考样件,仅供参考，不得认定为学生作品
03_实践验证阶段_2026.01-12/04_数据采集/学生作品收集/真实学生作品_待提交/选修二班_B01/参考样件/05_带盖储物盒.stl,.stl,6884,通过,STL头与长度正常,学生目录参考样件,仅供参考，不得认定为学生作品
03_实践验证阶段_2026.01-12/04_数据采集/学生作品收集/真实学生作品_待提交/选修二班_B01/参考样件/06_结课综合项目_参考.FCStd,.fcstd,14905,通过,压缩结构完整,学生目录参考样件,仅供参考，不得认定为学生作品
03_实践验证阶段_2026.01-12/04_数据采集/学生作品收集/真实学生作品_待提交/选修二班_B01/参考样件/06_结课综合项目_参考.stl,.stl,108684,通过,STL头与长度正常,学生目录参考样件,仅供参考，不得认定为学生作品
03_实践验证阶段_2026.01-12/04_数据采集/学生作品收集/真实学生作品_待提交/选修二班_B02/_待提交说明.md,.md,1179,通过,UTF-8/结构可读,项目材料,按现行口径或用途核对
03_实践验证阶段_2026.01-12/04_数据采集/学生作品收集/真实学生作品_待提交/选修二班_B02/参考样件/01_钥匙扣.FCStd,.fcstd,9758,通过,压缩结构完整,学生目录参考样件,仅供参考，不得认定为学生作品
03_实践验证阶段_2026.01-12/04_数据采集/学生作品收集/真实学生作品_待提交/选修二班_B02/参考样件/01_钥匙扣.stl,.stl,26484,通过,STL头与长度正常,学生目录参考样件,仅供参考，不得认定为学生作品
03_实践验证阶段_2026.01-12/04_数据采集/学生作品收集/真实学生作品_待提交/选修二班_B02/参考样件/02_笔筒.FCStd,.fcstd,9080,通过,压缩结构完整,学生目录参考样件,仅供参考，不得认定为学生作品
03_实践验证阶段_2026.01-12/04_数据采集/学生作品收集/真实学生作品_待提交/选修二班_B02/参考样件/02_笔筒.stl,.stl,6084,通过,STL头与长度正常,学生目录参考样件,仅供参考，不得认定为学生作品
03_实践验证阶段_2026.01-12/04_数据采集/学生作品收集/真实学生作品_待提交/选修二班_B02/参考样件/03_乐高式积木块_2x4.FCStd,.fcstd,8727,通过,压缩结构完整,学生目录参考样件,仅供参考，不得认定为学生作品
03_实践验证阶段_2026.01-12/04_数据采集/学生作品收集/真实学生作品_待提交/选修二班_B02/参考样件/03_乐高式积木块_2x4.stl,.stl,76084,通过,STL头与长度正常,学生目录参考样件,仅供参考，不得认定为学生作品
03_实践验证阶段_2026.01-12/04_数据采集/学生作品收集/真实学生作品_待提交/选修二班_B02/参考样件/04_手机支架.FCStd,.fcstd,6458,通过,压缩结构完整,学生目录参考样件,仅供参考，不得认定为学生作品
03_实践验证阶段_2026.01-12/04_数据采集/学生作品收集/真实学生作品_待提交/选修二班_B02/参考样件/04_手机支架.stl,.stl,3684,通过,STL头与长度正常,学生目录参考样件,仅供参考，不得认定为学生作品
03_实践验证阶段_2026.01-12/04_数据采集/学生作品收集/真实学生作品_待提交/选修二班_B02/参考样件/05_带盖储物盒.FCStd,.fcstd,14921,通过,压缩结构完整,学生目录参考样件,仅供参考，不得认定为学生作品
03_实践验证阶段_2026.01-12/04_数据采集/学生作品收集/真实学生作品_待提交/选修二班_B02/参考样件/05_带盖储物盒.stl,.stl,6884,通过,STL头与长度正常,学生目录参考样件,仅供参考，不得认定为学生作品
03_实践验证阶段_2026.01-12/04_数据采集/学生作品收集/真实学生作品_待提交/选修二班_B02/参考样件/06_结课综合项目_参考.FCStd,.fcstd,14905,通过,压缩结构完整,学生目录参考样件,仅供参考，不得认定为学生作品
03_实践验证阶段_2026.01-12/04_数据采集/学生作品收集/真实学生作品_待提交/选修二班_B02/参考样件/06_结课综合项目_参考.stl,.stl,108684,通过,STL头与长度正常,学生目录参考样件,仅供参考，不得认定为学生作品
03_实践验证阶段_2026.01-12/04_数据采集/学生作品收集/真实学生作品_待提交/选修二班_B03/_待提交说明.md,.md,1179,通过,UTF-8/结构可读,项目材料,按现行口径或用途核对
03_实践验证阶段_2026.01-12/04_数据采集/学生作品收集/真实学生作品_待提交/选修二班_B03/参考样件/01_钥匙扣.FCStd,.fcstd,9758,通过,压缩结构完整,学生目录参考样件,仅供参考，不得认定为学生作品
03_实践验证阶段_2026.01-12/04_数据采集/学生作品收集/真实学生作品_待提交/选修二班_B03/参考样件/01_钥匙扣.stl,.stl,26484,通过,STL头与长度正常,学生目录参考样件,仅供参考，不得认定为学生作品
03_实践验证阶段_2026.01-12/04_数据采集/学生作品收集/真实学生作品_待提交/选修二班_B03/参考样件/02_笔筒.FCStd,.fcstd,9080,通过,压缩结构完整,学生目录参考样件,仅供参考，不得认定为学生作品
03_实践验证阶段_2026.01-12/04_数据采集/学生作品收集/真实学生作品_待提交/选修二班_B03/参考样件/02_笔筒.stl,.stl,6084,通过,STL头与长度正常,学生目录参考样件,仅供参考，不得认定为学生作品
03_实践验证阶段_2026.01-12/04_数据采集/学生作品收集/真实学生作品_待提交/选修二班_B03/参考样件/03_乐高式积木块_2x4.FCStd,.fcstd,8727,通过,压缩结构完整,学生目录参考样件,仅供参考，不得认定为学生作品
03_实践验证阶段_2026.01-12/04_数据采集/学生作品收集/真实学生作品_待提交/选修二班_B03/参考样件/03_乐高式积木块_2x4.stl,.stl,76084,通过,STL头与长度正常,学生目录参考样件,仅供参考，不得认定为学生作品
03_实践验证阶段_2026.01-12/04_数据采集/学生作品收集/真实学生作品_待提交/选修二班_B03/参考样件/04_手机支架.FCStd,.fcstd,6458,通过,压缩结构完整,学生目录参考样件,仅供参考，不得认定为学生作品
03_实践验证阶段_2026.01-12/04_数据采集/学生作品收集/真实学生作品_待提交/选修二班_B03/参考样件/04_手机支架.stl,.stl,3684,通过,STL头与长度正常,学生目录参考样件,仅供参考，不得认定为学生作品
03_实践验证阶段_2026.01-12/04_数据采集/学生作品收集/真实学生作品_待提交/选修二班_B03/参考样件/05_带盖储物盒.FCStd,.fcstd,14921,通过,压缩结构完整,学生目录参考样件,仅供参考，不得认定为学生作品
03_实践验证阶段_2026.01-12/04_数据采集/学生作品收集/真实学生作品_待提交/选修二班_B03/参考样件/05_带盖储物盒.stl,.stl,6884,通过,STL头与长度正常,学生目录参考样件,仅供参考，不得认定为学生作品
03_实践验证阶段_2026.01-12/04_数据采集/学生作品收集/真实学生作品_待提交/选修二班_B03/参考样件/06_结课综合项目_参考.FCStd,.fcstd,14905,通过,压缩结构完整,学生目录参考样件,仅供参考，不得认定为学生作品
03_实践验证阶段_2026.01-12/04_数据采集/学生作品收集/真实学生作品_待提交/选修二班_B03/参考样件/06_结课综合项目_参考.stl,.stl,108684,通过,STL头与长度正常,学生目录参考样件,仅供参考，不得认定为学生作品
03_实践验证阶段_2026.01-12/04_数据采集/学生作品收集/真实学生作品_待提交/选修二班_B04/_待提交说明.md,.md,1179,通过,UTF-8/结构可读,项目材料,按现行口径或用途核对
03_实践验证阶段_2026.01-12/04_数据采集/学生作品收集/真实学生作品_待提交/选修二班_B04/参考样件/01_钥匙扣.FCStd,.fcstd,9758,通过,压缩结构完整,学生目录参考样件,仅供参考，不得认定为学生作品
03_实践验证阶段_2026.01-12/04_数据采集/学生作品收集/真实学生作品_待提交/选修二班_B04/参考样件/01_钥匙扣.stl,.stl,26484,通过,STL头与长度正常,学生目录参考样件,仅供参考，不得认定为学生作品
03_实践验证阶段_2026.01-12/04_数据采集/学生作品收集/真实学生作品_待提交/选修二班_B04/参考样件/02_笔筒.FCStd,.fcstd,9080,通过,压缩结构完整,学生目录参考样件,仅供参考，不得认定为学生作品
03_实践验证阶段_2026.01-12/04_数据采集/学生作品收集/真实学生作品_待提交/选修二班_B04/参考样件/02_笔筒.stl,.stl,6084,通过,STL头与长度正常,学生目录参考样件,仅供参考，不得认定为学生作品
03_实践验证阶段_2026.01-12/04_数据采集/学生作品收集/真实学生作品_待提交/选修二班_B04/参考样件/03_乐高式积木块_2x4.FCStd,.fcstd,8727,通过,压缩结构完整,学生目录参考样件,仅供参考，不得认定为学生作品
03_实践验证阶段_2026.01-12/04_数据采集/学生作品收集/真实学生作品_待提交/选修二班_B04/参考样件/03_乐高式积木块_2x4.stl,.stl,76084,通过,STL头与长度正常,学生目录参考样件,仅供参考，不得认定为学生作品
03_实践验证阶段_2026.01-12/04_数据采集/学生作品收集/真实学生作品_待提交/选修二班_B04/参考样件/04_手机支架.FCStd,.fcstd,6458,通过,压缩结构完整,学生目录参考样件,仅供参考，不得认定为学生作品
03_实践验证阶段_2026.01-12/04_数据采集/学生作品收集/真实学生作品_待提交/选修二班_B04/参考样件/04_手机支架.stl,.stl,3684,通过,STL头与长度正常,学生目录参考样件,仅供参考，不得认定为学生作品
03_实践验证阶段_2026.01-12/04_数据采集/学生作品收集/真实学生作品_待提交/选修二班_B04/参考样件/05_带盖储物盒.FCStd,.fcstd,14921,通过,压缩结构完整,学生目录参考样件,仅供参考，不得认定为学生作品
03_实践验证阶段_2026.01-12/04_数据采集/学生作品收集/真实学生作品_待提交/选修二班_B04/参考样件/05_带盖储物盒.stl,.stl,6884,通过,STL头与长度正常,学生目录参考样件,仅供参考，不得认定为学生作品
03_实践验证阶段_2026.01-12/04_数据采集/学生作品收集/真实学生作品_待提交/选修二班_B04/参考样件/06_结课综合项目_参考.FCStd,.fcstd,14905,通过,压缩结构完整,学生目录参考样件,仅供参考，不得认定为学生作品
03_实践验证阶段_2026.01-12/04_数据采集/学生作品收集/真实学生作品_待提交/选修二班_B04/参考样件/06_结课综合项目_参考.stl,.stl,108684,通过,STL头与长度正常,学生目录参考样件,仅供参考，不得认定为学生作品
03_实践验证阶段_2026.01-12/04_数据采集/学生作品收集/真实学生作品_待提交/选修二班_B05/_待提交说明.md,.md,1179,通过,UTF-8/结构可读,项目材料,按现行口径或用途核对
03_实践验证阶段_2026.01-12/04_数据采集/学生作品收集/真实学生作品_待提交/选修二班_B05/参考样件/01_钥匙扣.FCStd,.fcstd,9758,通过,压缩结构完整,学生目录参考样件,仅供参考，不得认定为学生作品
03_实践验证阶段_2026.01-12/04_数据采集/学生作品收集/真实学生作品_待提交/选修二班_B05/参考样件/01_钥匙扣.stl,.stl,26484,通过,STL头与长度正常,学生目录参考样件,仅供参考，不得认定为学生作品
03_实践验证阶段_2026.01-12/04_数据采集/学生作品收集/真实学生作品_待提交/选修二班_B05/参考样件/02_笔筒.FCStd,.fcstd,9080,通过,压缩结构完整,学生目录参考样件,仅供参考，不得认定为学生作品
03_实践验证阶段_2026.01-12/04_数据采集/学生作品收集/真实学生作品_待提交/选修二班_B05/参考样件/02_笔筒.stl,.stl,6084,通过,STL头与长度正常,学生目录参考样件,仅供参考，不得认定为学生作品
03_实践验证阶段_2026.01-12/04_数据采集/学生作品收集/真实学生作品_待提交/选修二班_B05/参考样件/03_乐高式积木块_2x4.FCStd,.fcstd,8727,通过,压缩结构完整,学生目录参考样件,仅供参考，不得认定为学生作品
03_实践验证阶段_2026.01-12/04_数据采集/学生作品收集/真实学生作品_待提交/选修二班_B05/参考样件/03_乐高式积木块_2x4.stl,.stl,76084,通过,STL头与长度正常,学生目录参考样件,仅供参考，不得认定为学生作品
03_实践验证阶段_2026.01-12/04_数据采集/学生作品收集/真实学生作品_待提交/选修二班_B05/参考样件/04_手机支架.FCStd,.fcstd,6458,通过,压缩结构完整,学生目录参考样件,仅供参考，不得认定为学生作品
03_实践验证阶段_2026.01-12/04_数据采集/学生作品收集/真实学生作品_待提交/选修二班_B05/参考样件/04_手机支架.stl,.stl,3684,通过,STL头与长度正常,学生目录参考样件,仅供参考，不得认定为学生作品
03_实践验证阶段_2026.01-12/04_数据采集/学生作品收集/真实学生作品_待提交/选修二班_B05/参考样件/05_带盖储物盒.FCStd,.fcstd,14921,通过,压缩结构完整,学生目录参考样件,仅供参考，不得认定为学生作品
03_实践验证阶段_2026.01-12/04_数据采集/学生作品收集/真实学生作品_待提交/选修二班_B05/参考样件/05_带盖储物盒.stl,.stl,6884,通过,STL头与长度正常,学生目录参考样件,仅供参考，不得认定为学生作品
03_实践验证阶段_2026.01-12/04_数据采集/学生作品收集/真实学生作品_待提交/选修二班_B05/参考样件/06_结课综合项目_参考.FCStd,.fcstd,14905,通过,压缩结构完整,学生目录参考样件,仅供参考，不得认定为学生作品
03_实践验证阶段_2026.01-12/04_数据采集/学生作品收集/真实学生作品_待提交/选修二班_B05/参考样件/06_结课综合项目_参考.stl,.stl,108684,通过,STL头与长度正常,学生目录参考样件,仅供参考，不得认定为学生作品
03_实践验证阶段_2026.01-12/04_数据采集/学生作品收集/真实学生作品_待提交/选修二班_B06/_待提交说明.md,.md,1179,通过,UTF-8/结构可读,项目材料,按现行口径或用途核对
03_实践验证阶段_2026.01-12/04_数据采集/学生作品收集/真实学生作品_待提交/选修二班_B06/参考样件/01_钥匙扣.FCStd,.fcstd,9758,通过,压缩结构完整,学生目录参考样件,仅供参考，不得认定为学生作品
03_实践验证阶段_2026.01-12/04_数据采集/学生作品收集/真实学生作品_待提交/选修二班_B06/参考样件/01_钥匙扣.stl,.stl,26484,通过,STL头与长度正常,学生目录参考样件,仅供参考，不得认定为学生作品
03_实践验证阶段_2026.01-12/04_数据采集/学生作品收集/真实学生作品_待提交/选修二班_B06/参考样件/02_笔筒.FCStd,.fcstd,9080,通过,压缩结构完整,学生目录参考样件,仅供参考，不得认定为学生作品
03_实践验证阶段_2026.01-12/04_数据采集/学生作品收集/真实学生作品_待提交/选修二班_B06/参考样件/02_笔筒.stl,.stl,6084,通过,STL头与长度正常,学生目录参考样件,仅供参考，不得认定为学生作品
03_实践验证阶段_2026.01-12/04_数据采集/学生作品收集/真实学生作品_待提交/选修二班_B06/参考样件/03_乐高式积木块_2x4.FCStd,.fcstd,8727,通过,压缩结构完整,学生目录参考样件,仅供参考，不得认定为学生作品
03_实践验证阶段_2026.01-12/04_数据采集/学生作品收集/真实学生作品_待提交/选修二班_B06/参考样件/03_乐高式积木块_2x4.stl,.stl,76084,通过,STL头与长度正常,学生目录参考样件,仅供参考，不得认定为学生作品
03_实践验证阶段_2026.01-12/04_数据采集/学生作品收集/真实学生作品_待提交/选修二班_B06/参考样件/04_手机支架.FCStd,.fcstd,6458,通过,压缩结构完整,学生目录参考样件,仅供参考，不得认定为学生作品
03_实践验证阶段_2026.01-12/04_数据采集/学生作品收集/真实学生作品_待提交/选修二班_B06/参考样件/04_手机支架.stl,.stl,3684,通过,STL头与长度正常,学生目录参考样件,仅供参考，不得认定为学生作品
03_实践验证阶段_2026.01-12/04_数据采集/学生作品收集/真实学生作品_待提交/选修二班_B06/参考样件/05_带盖储物盒.FCStd,.fcstd,14921,通过,压缩结构完整,学生目录参考样件,仅供参考，不得认定为学生作品
03_实践验证阶段_2026.01-12/04_数据采集/学生作品收集/真实学生作品_待提交/选修二班_B06/参考样件/05_带盖储物盒.stl,.stl,6884,通过,STL头与长度正常,学生目录参考样件,仅供参考，不得认定为学生作品
03_实践验证阶段_2026.01-12/04_数据采集/学生作品收集/真实学生作品_待提交/选修二班_B06/参考样件/06_结课综合项目_参考.FCStd,.fcstd,14905,通过,压缩结构完整,学生目录参考样件,仅供参考，不得认定为学生作品
03_实践验证阶段_2026.01-12/04_数据采集/学生作品收集/真实学生作品_待提交/选修二班_B06/参考样件/06_结课综合项目_参考.stl,.stl,108684,通过,STL头与长度正常,学生目录参考样件,仅供参考，不得认定为学生作品
03_实践验证阶段_2026.01-12/04_数据采集/学生作品收集/真实学生作品_待提交/选修二班_B07/_待提交说明.md,.md,1179,通过,UTF-8/结构可读,项目材料,按现行口径或用途核对
03_实践验证阶段_2026.01-12/04_数据采集/学生作品收集/真实学生作品_待提交/选修二班_B07/参考样件/01_钥匙扣.FCStd,.fcstd,9758,通过,压缩结构完整,学生目录参考样件,仅供参考，不得认定为学生作品
03_实践验证阶段_2026.01-12/04_数据采集/学生作品收集/真实学生作品_待提交/选修二班_B07/参考样件/01_钥匙扣.stl,.stl,26484,通过,STL头与长度正常,学生目录参考样件,仅供参考，不得认定为学生作品
03_实践验证阶段_2026.01-12/04_数据采集/学生作品收集/真实学生作品_待提交/选修二班_B07/参考样件/02_笔筒.FCStd,.fcstd,9080,通过,压缩结构完整,学生目录参考样件,仅供参考，不得认定为学生作品
03_实践验证阶段_2026.01-12/04_数据采集/学生作品收集/真实学生作品_待提交/选修二班_B07/参考样件/02_笔筒.stl,.stl,6084,通过,STL头与长度正常,学生目录参考样件,仅供参考，不得认定为学生作品
03_实践验证阶段_2026.01-12/04_数据采集/学生作品收集/真实学生作品_待提交/选修二班_B07/参考样件/03_乐高式积木块_2x4.FCStd,.fcstd,8727,通过,压缩结构完整,学生目录参考样件,仅供参考，不得认定为学生作品
03_实践验证阶段_2026.01-12/04_数据采集/学生作品收集/真实学生作品_待提交/选修二班_B07/参考样件/03_乐高式积木块_2x4.stl,.stl,76084,通过,STL头与长度正常,学生目录参考样件,仅供参考，不得认定为学生作品
03_实践验证阶段_2026.01-12/04_数据采集/学生作品收集/真实学生作品_待提交/选修二班_B07/参考样件/04_手机支架.FCStd,.fcstd,6458,通过,压缩结构完整,学生目录参考样件,仅供参考，不得认定为学生作品
03_实践验证阶段_2026.01-12/04_数据采集/学生作品收集/真实学生作品_待提交/选修二班_B07/参考样件/04_手机支架.stl,.stl,3684,通过,STL头与长度正常,学生目录参考样件,仅供参考，不得认定为学生作品
03_实践验证阶段_2026.01-12/04_数据采集/学生作品收集/真实学生作品_待提交/选修二班_B07/参考样件/05_带盖储物盒.FCStd,.fcstd,14921,通过,压缩结构完整,学生目录参考样件,仅供参考，不得认定为学生作品
03_实践验证阶段_2026.01-12/04_数据采集/学生作品收集/真实学生作品_待提交/选修二班_B07/参考样件/05_带盖储物盒.stl,.stl,6884,通过,STL头与长度正常,学生目录参考样件,仅供参考，不得认定为学生作品
03_实践验证阶段_2026.01-12/04_数据采集/学生作品收集/真实学生作品_待提交/选修二班_B07/参考样件/06_结课综合项目_参考.FCStd,.fcstd,14905,通过,压缩结构完整,学生目录参考样件,仅供参考，不得认定为学生作品
03_实践验证阶段_2026.01-12/04_数据采集/学生作品收集/真实学生作品_待提交/选修二班_B07/参考样件/06_结课综合项目_参考.stl,.stl,108684,通过,STL头与长度正常,学生目录参考样件,仅供参考，不得认定为学生作品
03_实践验证阶段_2026.01-12/04_数据采集/学生作品收集/真实学生作品_待提交/选修二班_B08/_待提交说明.md,.md,1179,通过,UTF-8/结构可读,项目材料,按现行口径或用途核对
03_实践验证阶段_2026.01-12/04_数据采集/学生作品收集/真实学生作品_待提交/选修二班_B08/参考样件/01_钥匙扣.FCStd,.fcstd,9758,通过,压缩结构完整,学生目录参考样件,仅供参考，不得认定为学生作品
03_实践验证阶段_2026.01-12/04_数据采集/学生作品收集/真实学生作品_待提交/选修二班_B08/参考样件/01_钥匙扣.stl,.stl,26484,通过,STL头与长度正常,学生目录参考样件,仅供参考，不得认定为学生作品
03_实践验证阶段_2026.01-12/04_数据采集/学生作品收集/真实学生作品_待提交/选修二班_B08/参考样件/02_笔筒.FCStd,.fcstd,9080,通过,压缩结构完整,学生目录参考样件,仅供参考，不得认定为学生作品
03_实践验证阶段_2026.01-12/04_数据采集/学生作品收集/真实学生作品_待提交/选修二班_B08/参考样件/02_笔筒.stl,.stl,6084,通过,STL头与长度正常,学生目录参考样件,仅供参考，不得认定为学生作品
03_实践验证阶段_2026.01-12/04_数据采集/学生作品收集/真实学生作品_待提交/选修二班_B08/参考样件/03_乐高式积木块_2x4.FCStd,.fcstd,8727,通过,压缩结构完整,学生目录参考样件,仅供参考，不得认定为学生作品
03_实践验证阶段_2026.01-12/04_数据采集/学生作品收集/真实学生作品_待提交/选修二班_B08/参考样件/03_乐高式积木块_2x4.stl,.stl,76084,通过,STL头与长度正常,学生目录参考样件,仅供参考，不得认定为学生作品
03_实践验证阶段_2026.01-12/04_数据采集/学生作品收集/真实学生作品_待提交/选修二班_B08/参考样件/04_手机支架.FCStd,.fcstd,6458,通过,压缩结构完整,学生目录参考样件,仅供参考，不得认定为学生作品
03_实践验证阶段_2026.01-12/04_数据采集/学生作品收集/真实学生作品_待提交/选修二班_B08/参考样件/04_手机支架.stl,.stl,3684,通过,STL头与长度正常,学生目录参考样件,仅供参考，不得认定为学生作品
03_实践验证阶段_2026.01-12/04_数据采集/学生作品收集/真实学生作品_待提交/选修二班_B08/参考样件/05_带盖储物盒.FCStd,.fcstd,14921,通过,压缩结构完整,学生目录参考样件,仅供参考，不得认定为学生作品
03_实践验证阶段_2026.01-12/04_数据采集/学生作品收集/真实学生作品_待提交/选修二班_B08/参考样件/05_带盖储物盒.stl,.stl,6884,通过,STL头与长度正常,学生目录参考样件,仅供参考，不得认定为学生作品
03_实践验证阶段_2026.01-12/04_数据采集/学生作品收集/真实学生作品_待提交/选修二班_B08/参考样件/06_结课综合项目_参考.FCStd,.fcstd,14905,通过,压缩结构完整,学生目录参考样件,仅供参考，不得认定为学生作品
03_实践验证阶段_2026.01-12/04_数据采集/学生作品收集/真实学生作品_待提交/选修二班_B08/参考样件/06_结课综合项目_参考.stl,.stl,108684,通过,STL头与长度正常,学生目录参考样件,仅供参考，不得认定为学生作品
03_实践验证阶段_2026.01-12/04_数据采集/学生作品收集/真实学生作品_待提交/选修二班_B09/_待提交说明.md,.md,1179,通过,UTF-8/结构可读,项目材料,按现行口径或用途核对
03_实践验证阶段_2026.01-12/04_数据采集/学生作品收集/真实学生作品_待提交/选修二班_B09/参考样件/01_钥匙扣.FCStd,.fcstd,9758,通过,压缩结构完整,学生目录参考样件,仅供参考，不得认定为学生作品
03_实践验证阶段_2026.01-12/04_数据采集/学生作品收集/真实学生作品_待提交/选修二班_B09/参考样件/01_钥匙扣.stl,.stl,26484,通过,STL头与长度正常,学生目录参考样件,仅供参考，不得认定为学生作品
03_实践验证阶段_2026.01-12/04_数据采集/学生作品收集/真实学生作品_待提交/选修二班_B09/参考样件/02_笔筒.FCStd,.fcstd,9080,通过,压缩结构完整,学生目录参考样件,仅供参考，不得认定为学生作品
03_实践验证阶段_2026.01-12/04_数据采集/学生作品收集/真实学生作品_待提交/选修二班_B09/参考样件/02_笔筒.stl,.stl,6084,通过,STL头与长度正常,学生目录参考样件,仅供参考，不得认定为学生作品
03_实践验证阶段_2026.01-12/04_数据采集/学生作品收集/真实学生作品_待提交/选修二班_B09/参考样件/03_乐高式积木块_2x4.FCStd,.fcstd,8727,通过,压缩结构完整,学生目录参考样件,仅供参考，不得认定为学生作品
03_实践验证阶段_2026.01-12/04_数据采集/学生作品收集/真实学生作品_待提交/选修二班_B09/参考样件/03_乐高式积木块_2x4.stl,.stl,76084,通过,STL头与长度正常,学生目录参考样件,仅供参考，不得认定为学生作品
03_实践验证阶段_2026.01-12/04_数据采集/学生作品收集/真实学生作品_待提交/选修二班_B09/参考样件/04_手机支架.FCStd,.fcstd,6458,通过,压缩结构完整,学生目录参考样件,仅供参考，不得认定为学生作品
03_实践验证阶段_2026.01-12/04_数据采集/学生作品收集/真实学生作品_待提交/选修二班_B09/参考样件/04_手机支架.stl,.stl,3684,通过,STL头与长度正常,学生目录参考样件,仅供参考，不得认定为学生作品
03_实践验证阶段_2026.01-12/04_数据采集/学生作品收集/真实学生作品_待提交/选修二班_B09/参考样件/05_带盖储物盒.FCStd,.fcstd,14921,通过,压缩结构完整,学生目录参考样件,仅供参考，不得认定为学生作品
03_实践验证阶段_2026.01-12/04_数据采集/学生作品收集/真实学生作品_待提交/选修二班_B09/参考样件/05_带盖储物盒.stl,.stl,6884,通过,STL头与长度正常,学生目录参考样件,仅供参考，不得认定为学生作品
03_实践验证阶段_2026.01-12/04_数据采集/学生作品收集/真实学生作品_待提交/选修二班_B09/参考样件/06_结课综合项目_参考.FCStd,.fcstd,14905,通过,压缩结构完整,学生目录参考样件,仅供参考，不得认定为学生作品
03_实践验证阶段_2026.01-12/04_数据采集/学生作品收集/真实学生作品_待提交/选修二班_B09/参考样件/06_结课综合项目_参考.stl,.stl,108684,通过,STL头与长度正常,学生目录参考样件,仅供参考，不得认定为学生作品
03_实践验证阶段_2026.01-12/04_数据采集/学生作品收集/真实学生作品_待提交/选修二班_B10/_待提交说明.md,.md,1179,通过,UTF-8/结构可读,项目材料,按现行口径或用途核对
03_实践验证阶段_2026.01-12/04_数据采集/学生作品收集/真实学生作品_待提交/选修二班_B10/参考样件/01_钥匙扣.FCStd,.fcstd,9758,通过,压缩结构完整,学生目录参考样件,仅供参考，不得认定为学生作品
03_实践验证阶段_2026.01-12/04_数据采集/学生作品收集/真实学生作品_待提交/选修二班_B10/参考样件/01_钥匙扣.stl,.stl,26484,通过,STL头与长度正常,学生目录参考样件,仅供参考，不得认定为学生作品
03_实践验证阶段_2026.01-12/04_数据采集/学生作品收集/真实学生作品_待提交/选修二班_B10/参考样件/02_笔筒.FCStd,.fcstd,9080,通过,压缩结构完整,学生目录参考样件,仅供参考，不得认定为学生作品
03_实践验证阶段_2026.01-12/04_数据采集/学生作品收集/真实学生作品_待提交/选修二班_B10/参考样件/02_笔筒.stl,.stl,6084,通过,STL头与长度正常,学生目录参考样件,仅供参考，不得认定为学生作品
03_实践验证阶段_2026.01-12/04_数据采集/学生作品收集/真实学生作品_待提交/选修二班_B10/参考样件/03_乐高式积木块_2x4.FCStd,.fcstd,8727,通过,压缩结构完整,学生目录参考样件,仅供参考，不得认定为学生作品
03_实践验证阶段_2026.01-12/04_数据采集/学生作品收集/真实学生作品_待提交/选修二班_B10/参考样件/03_乐高式积木块_2x4.stl,.stl,76084,通过,STL头与长度正常,学生目录参考样件,仅供参考，不得认定为学生作品
03_实践验证阶段_2026.01-12/04_数据采集/学生作品收集/真实学生作品_待提交/选修二班_B10/参考样件/04_手机支架.FCStd,.fcstd,6458,通过,压缩结构完整,学生目录参考样件,仅供参考，不得认定为学生作品
03_实践验证阶段_2026.01-12/04_数据采集/学生作品收集/真实学生作品_待提交/选修二班_B10/参考样件/04_手机支架.stl,.stl,3684,通过,STL头与长度正常,学生目录参考样件,仅供参考，不得认定为学生作品
03_实践验证阶段_2026.01-12/04_数据采集/学生作品收集/真实学生作品_待提交/选修二班_B10/参考样件/05_带盖储物盒.FCStd,.fcstd,14921,通过,压缩结构完整,学生目录参考样件,仅供参考，不得认定为学生作品
03_实践验证阶段_2026.01-12/04_数据采集/学生作品收集/真实学生作品_待提交/选修二班_B10/参考样件/05_带盖储物盒.stl,.stl,6884,通过,STL头与长度正常,学生目录参考样件,仅供参考，不得认定为学生作品
03_实践验证阶段_2026.01-12/04_数据采集/学生作品收集/真实学生作品_待提交/选修二班_B10/参考样件/06_结课综合项目_参考.FCStd,.fcstd,14905,通过,压缩结构完整,学生目录参考样件,仅供参考，不得认定为学生作品
03_实践验证阶段_2026.01-12/04_数据采集/学生作品收集/真实学生作品_待提交/选修二班_B10/参考样件/06_结课综合项目_参考.stl,.stl,108684,通过,STL头与长度正常,学生目录参考样件,仅供参考，不得认定为学生作品
03_实践验证阶段_2026.01-12/04_数据采集/学生作品收集/真实学生作品_待提交/选修二班_B11/_待提交说明.md,.md,1179,通过,UTF-8/结构可读,项目材料,按现行口径或用途核对
03_实践验证阶段_2026.01-12/04_数据采集/学生作品收集/真实学生作品_待提交/选修二班_B11/参考样件/01_钥匙扣.FCStd,.fcstd,9758,通过,压缩结构完整,学生目录参考样件,仅供参考，不得认定为学生作品
03_实践验证阶段_2026.01-12/04_数据采集/学生作品收集/真实学生作品_待提交/选修二班_B11/参考样件/01_钥匙扣.stl,.stl,26484,通过,STL头与长度正常,学生目录参考样件,仅供参考，不得认定为学生作品
03_实践验证阶段_2026.01-12/04_数据采集/学生作品收集/真实学生作品_待提交/选修二班_B11/参考样件/02_笔筒.FCStd,.fcstd,9080,通过,压缩结构完整,学生目录参考样件,仅供参考，不得认定为学生作品
03_实践验证阶段_2026.01-12/04_数据采集/学生作品收集/真实学生作品_待提交/选修二班_B11/参考样件/02_笔筒.stl,.stl,6084,通过,STL头与长度正常,学生目录参考样件,仅供参考，不得认定为学生作品
03_实践验证阶段_2026.01-12/04_数据采集/学生作品收集/真实学生作品_待提交/选修二班_B11/参考样件/03_乐高式积木块_2x4.FCStd,.fcstd,8727,通过,压缩结构完整,学生目录参考样件,仅供参考，不得认定为学生作品
03_实践验证阶段_2026.01-12/04_数据采集/学生作品收集/真实学生作品_待提交/选修二班_B11/参考样件/03_乐高式积木块_2x4.stl,.stl,76084,通过,STL头与长度正常,学生目录参考样件,仅供参考，不得认定为学生作品
03_实践验证阶段_2026.01-12/04_数据采集/学生作品收集/真实学生作品_待提交/选修二班_B11/参考样件/04_手机支架.FCStd,.fcstd,6458,通过,压缩结构完整,学生目录参考样件,仅供参考，不得认定为学生作品
03_实践验证阶段_2026.01-12/04_数据采集/学生作品收集/真实学生作品_待提交/选修二班_B11/参考样件/04_手机支架.stl,.stl,3684,通过,STL头与长度正常,学生目录参考样件,仅供参考，不得认定为学生作品
03_实践验证阶段_2026.01-12/04_数据采集/学生作品收集/真实学生作品_待提交/选修二班_B11/参考样件/05_带盖储物盒.FCStd,.fcstd,14921,通过,压缩结构完整,学生目录参考样件,仅供参考，不得认定为学生作品
03_实践验证阶段_2026.01-12/04_数据采集/学生作品收集/真实学生作品_待提交/选修二班_B11/参考样件/05_带盖储物盒.stl,.stl,6884,通过,STL头与长度正常,学生目录参考样件,仅供参考，不得认定为学生作品
03_实践验证阶段_2026.01-12/04_数据采集/学生作品收集/真实学生作品_待提交/选修二班_B11/参考样件/06_结课综合项目_参考.FCStd,.fcstd,14905,通过,压缩结构完整,学生目录参考样件,仅供参考，不得认定为学生作品
03_实践验证阶段_2026.01-12/04_数据采集/学生作品收集/真实学生作品_待提交/选修二班_B11/参考样件/06_结课综合项目_参考.stl,.stl,108684,通过,STL头与长度正常,学生目录参考样件,仅供参考，不得认定为学生作品
03_实践验证阶段_2026.01-12/04_数据采集/学生作品收集/真实学生作品_待提交/选修二班_B12/_待提交说明.md,.md,1179,通过,UTF-8/结构可读,项目材料,按现行口径或用途核对
03_实践验证阶段_2026.01-12/04_数据采集/学生作品收集/真实学生作品_待提交/选修二班_B12/参考样件/01_钥匙扣.FCStd,.fcstd,9758,通过,压缩结构完整,学生目录参考样件,仅供参考，不得认定为学生作品
03_实践验证阶段_2026.01-12/04_数据采集/学生作品收集/真实学生作品_待提交/选修二班_B12/参考样件/01_钥匙扣.stl,.stl,26484,通过,STL头与长度正常,学生目录参考样件,仅供参考，不得认定为学生作品
03_实践验证阶段_2026.01-12/04_数据采集/学生作品收集/真实学生作品_待提交/选修二班_B12/参考样件/02_笔筒.FCStd,.fcstd,9080,通过,压缩结构完整,学生目录参考样件,仅供参考，不得认定为学生作品
03_实践验证阶段_2026.01-12/04_数据采集/学生作品收集/真实学生作品_待提交/选修二班_B12/参考样件/02_笔筒.stl,.stl,6084,通过,STL头与长度正常,学生目录参考样件,仅供参考，不得认定为学生作品
03_实践验证阶段_2026.01-12/04_数据采集/学生作品收集/真实学生作品_待提交/选修二班_B12/参考样件/03_乐高式积木块_2x4.FCStd,.fcstd,8727,通过,压缩结构完整,学生目录参考样件,仅供参考，不得认定为学生作品
03_实践验证阶段_2026.01-12/04_数据采集/学生作品收集/真实学生作品_待提交/选修二班_B12/参考样件/03_乐高式积木块_2x4.stl,.stl,76084,通过,STL头与长度正常,学生目录参考样件,仅供参考，不得认定为学生作品
03_实践验证阶段_2026.01-12/04_数据采集/学生作品收集/真实学生作品_待提交/选修二班_B12/参考样件/04_手机支架.FCStd,.fcstd,6458,通过,压缩结构完整,学生目录参考样件,仅供参考，不得认定为学生作品
03_实践验证阶段_2026.01-12/04_数据采集/学生作品收集/真实学生作品_待提交/选修二班_B12/参考样件/04_手机支架.stl,.stl,3684,通过,STL头与长度正常,学生目录参考样件,仅供参考，不得认定为学生作品
03_实践验证阶段_2026.01-12/04_数据采集/学生作品收集/真实学生作品_待提交/选修二班_B12/参考样件/05_带盖储物盒.FCStd,.fcstd,14921,通过,压缩结构完整,学生目录参考样件,仅供参考，不得认定为学生作品
03_实践验证阶段_2026.01-12/04_数据采集/学生作品收集/真实学生作品_待提交/选修二班_B12/参考样件/05_带盖储物盒.stl,.stl,6884,通过,STL头与长度正常,学生目录参考样件,仅供参考，不得认定为学生作品
03_实践验证阶段_2026.01-12/04_数据采集/学生作品收集/真实学生作品_待提交/选修二班_B12/参考样件/06_结课综合项目_参考.FCStd,.fcstd,14905,通过,压缩结构完整,学生目录参考样件,仅供参考，不得认定为学生作品
03_实践验证阶段_2026.01-12/04_数据采集/学生作品收集/真实学生作品_待提交/选修二班_B12/参考样件/06_结课综合项目_参考.stl,.stl,108684,通过,STL头与长度正常,学生目录参考样件,仅供参考，不得认定为学生作品
03_实践验证阶段_2026.01-12/04_数据采集/学生作品收集/真实学生作品_待提交/选修二班_B13/_待提交说明.md,.md,1179,通过,UTF-8/结构可读,项目材料,按现行口径或用途核对
03_实践验证阶段_2026.01-12/04_数据采集/学生作品收集/真实学生作品_待提交/选修二班_B13/参考样件/01_钥匙扣.FCStd,.fcstd,9758,通过,压缩结构完整,学生目录参考样件,仅供参考，不得认定为学生作品
03_实践验证阶段_2026.01-12/04_数据采集/学生作品收集/真实学生作品_待提交/选修二班_B13/参考样件/01_钥匙扣.stl,.stl,26484,通过,STL头与长度正常,学生目录参考样件,仅供参考，不得认定为学生作品
03_实践验证阶段_2026.01-12/04_数据采集/学生作品收集/真实学生作品_待提交/选修二班_B13/参考样件/02_笔筒.FCStd,.fcstd,9080,通过,压缩结构完整,学生目录参考样件,仅供参考，不得认定为学生作品
03_实践验证阶段_2026.01-12/04_数据采集/学生作品收集/真实学生作品_待提交/选修二班_B13/参考样件/02_笔筒.stl,.stl,6084,通过,STL头与长度正常,学生目录参考样件,仅供参考，不得认定为学生作品
03_实践验证阶段_2026.01-12/04_数据采集/学生作品收集/真实学生作品_待提交/选修二班_B13/参考样件/03_乐高式积木块_2x4.FCStd,.fcstd,8727,通过,压缩结构完整,学生目录参考样件,仅供参考，不得认定为学生作品
03_实践验证阶段_2026.01-12/04_数据采集/学生作品收集/真实学生作品_待提交/选修二班_B13/参考样件/03_乐高式积木块_2x4.stl,.stl,76084,通过,STL头与长度正常,学生目录参考样件,仅供参考，不得认定为学生作品
03_实践验证阶段_2026.01-12/04_数据采集/学生作品收集/真实学生作品_待提交/选修二班_B13/参考样件/04_手机支架.FCStd,.fcstd,6458,通过,压缩结构完整,学生目录参考样件,仅供参考，不得认定为学生作品
03_实践验证阶段_2026.01-12/04_数据采集/学生作品收集/真实学生作品_待提交/选修二班_B13/参考样件/04_手机支架.stl,.stl,3684,通过,STL头与长度正常,学生目录参考样件,仅供参考，不得认定为学生作品
03_实践验证阶段_2026.01-12/04_数据采集/学生作品收集/真实学生作品_待提交/选修二班_B13/参考样件/05_带盖储物盒.FCStd,.fcstd,14921,通过,压缩结构完整,学生目录参考样件,仅供参考，不得认定为学生作品
03_实践验证阶段_2026.01-12/04_数据采集/学生作品收集/真实学生作品_待提交/选修二班_B13/参考样件/05_带盖储物盒.stl,.stl,6884,通过,STL头与长度正常,学生目录参考样件,仅供参考，不得认定为学生作品
03_实践验证阶段_2026.01-12/04_数据采集/学生作品收集/真实学生作品_待提交/选修二班_B13/参考样件/06_结课综合项目_参考.FCStd,.fcstd,14905,通过,压缩结构完整,学生目录参考样件,仅供参考，不得认定为学生作品
03_实践验证阶段_2026.01-12/04_数据采集/学生作品收集/真实学生作品_待提交/选修二班_B13/参考样件/06_结课综合项目_参考.stl,.stl,108684,通过,STL头与长度正常,学生目录参考样件,仅供参考，不得认定为学生作品
03_实践验证阶段_2026.01-12/04_数据采集/学生作品收集/真实学生作品_待提交/选修二班_B14/_待提交说明.md,.md,1179,通过,UTF-8/结构可读,项目材料,按现行口径或用途核对
03_实践验证阶段_2026.01-12/04_数据采集/学生作品收集/真实学生作品_待提交/选修二班_B14/参考样件/01_钥匙扣.FCStd,.fcstd,9758,通过,压缩结构完整,学生目录参考样件,仅供参考，不得认定为学生作品
03_实践验证阶段_2026.01-12/04_数据采集/学生作品收集/真实学生作品_待提交/选修二班_B14/参考样件/01_钥匙扣.stl,.stl,26484,通过,STL头与长度正常,学生目录参考样件,仅供参考，不得认定为学生作品
03_实践验证阶段_2026.01-12/04_数据采集/学生作品收集/真实学生作品_待提交/选修二班_B14/参考样件/02_笔筒.FCStd,.fcstd,9080,通过,压缩结构完整,学生目录参考样件,仅供参考，不得认定为学生作品
03_实践验证阶段_2026.01-12/04_数据采集/学生作品收集/真实学生作品_待提交/选修二班_B14/参考样件/02_笔筒.stl,.stl,6084,通过,STL头与长度正常,学生目录参考样件,仅供参考，不得认定为学生作品
03_实践验证阶段_2026.01-12/04_数据采集/学生作品收集/真实学生作品_待提交/选修二班_B14/参考样件/03_乐高式积木块_2x4.FCStd,.fcstd,8727,通过,压缩结构完整,学生目录参考样件,仅供参考，不得认定为学生作品
03_实践验证阶段_2026.01-12/04_数据采集/学生作品收集/真实学生作品_待提交/选修二班_B14/参考样件/03_乐高式积木块_2x4.stl,.stl,76084,通过,STL头与长度正常,学生目录参考样件,仅供参考，不得认定为学生作品
03_实践验证阶段_2026.01-12/04_数据采集/学生作品收集/真实学生作品_待提交/选修二班_B14/参考样件/04_手机支架.FCStd,.fcstd,6458,通过,压缩结构完整,学生目录参考样件,仅供参考，不得认定为学生作品
03_实践验证阶段_2026.01-12/04_数据采集/学生作品收集/真实学生作品_待提交/选修二班_B14/参考样件/04_手机支架.stl,.stl,3684,通过,STL头与长度正常,学生目录参考样件,仅供参考，不得认定为学生作品
03_实践验证阶段_2026.01-12/04_数据采集/学生作品收集/真实学生作品_待提交/选修二班_B14/参考样件/05_带盖储物盒.FCStd,.fcstd,14921,通过,压缩结构完整,学生目录参考样件,仅供参考，不得认定为学生作品
03_实践验证阶段_2026.01-12/04_数据采集/学生作品收集/真实学生作品_待提交/选修二班_B14/参考样件/05_带盖储物盒.stl,.stl,6884,通过,STL头与长度正常,学生目录参考样件,仅供参考，不得认定为学生作品
03_实践验证阶段_2026.01-12/04_数据采集/学生作品收集/真实学生作品_待提交/选修二班_B14/参考样件/06_结课综合项目_参考.FCStd,.fcstd,14905,通过,压缩结构完整,学生目录参考样件,仅供参考，不得认定为学生作品
03_实践验证阶段_2026.01-12/04_数据采集/学生作品收集/真实学生作品_待提交/选修二班_B14/参考样件/06_结课综合项目_参考.stl,.stl,108684,通过,STL头与长度正常,学生目录参考样件,仅供参考，不得认定为学生作品
03_实践验证阶段_2026.01-12/04_数据采集/学生作品收集/真实学生作品_待提交/选修二班_B15/_待提交说明.md,.md,1179,通过,UTF-8/结构可读,项目材料,按现行口径或用途核对
03_实践验证阶段_2026.01-12/04_数据采集/学生作品收集/真实学生作品_待提交/选修二班_B15/参考样件/01_钥匙扣.FCStd,.fcstd,9758,通过,压缩结构完整,学生目录参考样件,仅供参考，不得认定为学生作品
03_实践验证阶段_2026.01-12/04_数据采集/学生作品收集/真实学生作品_待提交/选修二班_B15/参考样件/01_钥匙扣.stl,.stl,26484,通过,STL头与长度正常,学生目录参考样件,仅供参考，不得认定为学生作品
03_实践验证阶段_2026.01-12/04_数据采集/学生作品收集/真实学生作品_待提交/选修二班_B15/参考样件/02_笔筒.FCStd,.fcstd,9080,通过,压缩结构完整,学生目录参考样件,仅供参考，不得认定为学生作品
03_实践验证阶段_2026.01-12/04_数据采集/学生作品收集/真实学生作品_待提交/选修二班_B15/参考样件/02_笔筒.stl,.stl,6084,通过,STL头与长度正常,学生目录参考样件,仅供参考，不得认定为学生作品
03_实践验证阶段_2026.01-12/04_数据采集/学生作品收集/真实学生作品_待提交/选修二班_B15/参考样件/03_乐高式积木块_2x4.FCStd,.fcstd,8727,通过,压缩结构完整,学生目录参考样件,仅供参考，不得认定为学生作品
03_实践验证阶段_2026.01-12/04_数据采集/学生作品收集/真实学生作品_待提交/选修二班_B15/参考样件/03_乐高式积木块_2x4.stl,.stl,76084,通过,STL头与长度正常,学生目录参考样件,仅供参考，不得认定为学生作品
03_实践验证阶段_2026.01-12/04_数据采集/学生作品收集/真实学生作品_待提交/选修二班_B15/参考样件/04_手机支架.FCStd,.fcstd,6458,通过,压缩结构完整,学生目录参考样件,仅供参考，不得认定为学生作品
03_实践验证阶段_2026.01-12/04_数据采集/学生作品收集/真实学生作品_待提交/选修二班_B15/参考样件/04_手机支架.stl,.stl,3684,通过,STL头与长度正常,学生目录参考样件,仅供参考，不得认定为学生作品
03_实践验证阶段_2026.01-12/04_数据采集/学生作品收集/真实学生作品_待提交/选修二班_B15/参考样件/05_带盖储物盒.FCStd,.fcstd,14921,通过,压缩结构完整,学生目录参考样件,仅供参考，不得认定为学生作品
03_实践验证阶段_2026.01-12/04_数据采集/学生作品收集/真实学生作品_待提交/选修二班_B15/参考样件/05_带盖储物盒.stl,.stl,6884,通过,STL头与长度正常,学生目录参考样件,仅供参考，不得认定为学生作品
03_实践验证阶段_2026.01-12/04_数据采集/学生作品收集/真实学生作品_待提交/选修二班_B15/参考样件/06_结课综合项目_参考.FCStd,.fcstd,14905,通过,压缩结构完整,学生目录参考样件,仅供参考，不得认定为学生作品
03_实践验证阶段_2026.01-12/04_数据采集/学生作品收集/真实学生作品_待提交/选修二班_B15/参考样件/06_结课综合项目_参考.stl,.stl,108684,通过,STL头与长度正常,学生目录参考样件,仅供参考，不得认定为学生作品
03_实践验证阶段_2026.01-12/04_数据采集/学生作品收集/真实学生作品_待提交/选修二班_B16/_待提交说明.md,.md,1179,通过,UTF-8/结构可读,项目材料,按现行口径或用途核对
03_实践验证阶段_2026.01-12/04_数据采集/学生作品收集/真实学生作品_待提交/选修二班_B16/参考样件/01_钥匙扣.FCStd,.fcstd,9758,通过,压缩结构完整,学生目录参考样件,仅供参考，不得认定为学生作品
03_实践验证阶段_2026.01-12/04_数据采集/学生作品收集/真实学生作品_待提交/选修二班_B16/参考样件/01_钥匙扣.stl,.stl,26484,通过,STL头与长度正常,学生目录参考样件,仅供参考，不得认定为学生作品
03_实践验证阶段_2026.01-12/04_数据采集/学生作品收集/真实学生作品_待提交/选修二班_B16/参考样件/02_笔筒.FCStd,.fcstd,9080,通过,压缩结构完整,学生目录参考样件,仅供参考，不得认定为学生作品
03_实践验证阶段_2026.01-12/04_数据采集/学生作品收集/真实学生作品_待提交/选修二班_B16/参考样件/02_笔筒.stl,.stl,6084,通过,STL头与长度正常,学生目录参考样件,仅供参考，不得认定为学生作品
03_实践验证阶段_2026.01-12/04_数据采集/学生作品收集/真实学生作品_待提交/选修二班_B16/参考样件/03_乐高式积木块_2x4.FCStd,.fcstd,8727,通过,压缩结构完整,学生目录参考样件,仅供参考，不得认定为学生作品
03_实践验证阶段_2026.01-12/04_数据采集/学生作品收集/真实学生作品_待提交/选修二班_B16/参考样件/03_乐高式积木块_2x4.stl,.stl,76084,通过,STL头与长度正常,学生目录参考样件,仅供参考，不得认定为学生作品
03_实践验证阶段_2026.01-12/04_数据采集/学生作品收集/真实学生作品_待提交/选修二班_B16/参考样件/04_手机支架.FCStd,.fcstd,6458,通过,压缩结构完整,学生目录参考样件,仅供参考，不得认定为学生作品
03_实践验证阶段_2026.01-12/04_数据采集/学生作品收集/真实学生作品_待提交/选修二班_B16/参考样件/04_手机支架.stl,.stl,3684,通过,STL头与长度正常,学生目录参考样件,仅供参考，不得认定为学生作品
03_实践验证阶段_2026.01-12/04_数据采集/学生作品收集/真实学生作品_待提交/选修二班_B16/参考样件/05_带盖储物盒.FCStd,.fcstd,14921,通过,压缩结构完整,学生目录参考样件,仅供参考，不得认定为学生作品
03_实践验证阶段_2026.01-12/04_数据采集/学生作品收集/真实学生作品_待提交/选修二班_B16/参考样件/05_带盖储物盒.stl,.stl,6884,通过,STL头与长度正常,学生目录参考样件,仅供参考，不得认定为学生作品
03_实践验证阶段_2026.01-12/04_数据采集/学生作品收集/真实学生作品_待提交/选修二班_B16/参考样件/06_结课综合项目_参考.FCStd,.fcstd,14905,通过,压缩结构完整,学生目录参考样件,仅供参考，不得认定为学生作品
03_实践验证阶段_2026.01-12/04_数据采集/学生作品收集/真实学生作品_待提交/选修二班_B16/参考样件/06_结课综合项目_参考.stl,.stl,108684,通过,STL头与长度正常,学生目录参考样件,仅供参考，不得认定为学生作品
03_实践验证阶段_2026.01-12/04_数据采集/学生作品收集/真实学生作品_待提交/选修二班_B17/_待提交说明.md,.md,1179,通过,UTF-8/结构可读,项目材料,按现行口径或用途核对
03_实践验证阶段_2026.01-12/04_数据采集/学生作品收集/真实学生作品_待提交/选修二班_B17/参考样件/01_钥匙扣.FCStd,.fcstd,9758,通过,压缩结构完整,学生目录参考样件,仅供参考，不得认定为学生作品
03_实践验证阶段_2026.01-12/04_数据采集/学生作品收集/真实学生作品_待提交/选修二班_B17/参考样件/01_钥匙扣.stl,.stl,26484,通过,STL头与长度正常,学生目录参考样件,仅供参考，不得认定为学生作品
03_实践验证阶段_2026.01-12/04_数据采集/学生作品收集/真实学生作品_待提交/选修二班_B17/参考样件/02_笔筒.FCStd,.fcstd,9080,通过,压缩结构完整,学生目录参考样件,仅供参考，不得认定为学生作品
03_实践验证阶段_2026.01-12/04_数据采集/学生作品收集/真实学生作品_待提交/选修二班_B17/参考样件/02_笔筒.stl,.stl,6084,通过,STL头与长度正常,学生目录参考样件,仅供参考，不得认定为学生作品
03_实践验证阶段_2026.01-12/04_数据采集/学生作品收集/真实学生作品_待提交/选修二班_B17/参考样件/03_乐高式积木块_2x4.FCStd,.fcstd,8727,通过,压缩结构完整,学生目录参考样件,仅供参考，不得认定为学生作品
03_实践验证阶段_2026.01-12/04_数据采集/学生作品收集/真实学生作品_待提交/选修二班_B17/参考样件/03_乐高式积木块_2x4.stl,.stl,76084,通过,STL头与长度正常,学生目录参考样件,仅供参考，不得认定为学生作品
03_实践验证阶段_2026.01-12/04_数据采集/学生作品收集/真实学生作品_待提交/选修二班_B17/参考样件/04_手机支架.FCStd,.fcstd,6458,通过,压缩结构完整,学生目录参考样件,仅供参考，不得认定为学生作品
03_实践验证阶段_2026.01-12/04_数据采集/学生作品收集/真实学生作品_待提交/选修二班_B17/参考样件/04_手机支架.stl,.stl,3684,通过,STL头与长度正常,学生目录参考样件,仅供参考，不得认定为学生作品
03_实践验证阶段_2026.01-12/04_数据采集/学生作品收集/真实学生作品_待提交/选修二班_B17/参考样件/05_带盖储物盒.FCStd,.fcstd,14921,通过,压缩结构完整,学生目录参考样件,仅供参考，不得认定为学生作品
03_实践验证阶段_2026.01-12/04_数据采集/学生作品收集/真实学生作品_待提交/选修二班_B17/参考样件/05_带盖储物盒.stl,.stl,6884,通过,STL头与长度正常,学生目录参考样件,仅供参考，不得认定为学生作品
03_实践验证阶段_2026.01-12/04_数据采集/学生作品收集/真实学生作品_待提交/选修二班_B17/参考样件/06_结课综合项目_参考.FCStd,.fcstd,14905,通过,压缩结构完整,学生目录参考样件,仅供参考，不得认定为学生作品
03_实践验证阶段_2026.01-12/04_数据采集/学生作品收集/真实学生作品_待提交/选修二班_B17/参考样件/06_结课综合项目_参考.stl,.stl,108684,通过,STL头与长度正常,学生目录参考样件,仅供参考，不得认定为学生作品
03_实践验证阶段_2026.01-12/04_数据采集/学生作品收集/真实学生作品_待提交/选修二班_B18/_待提交说明.md,.md,1179,通过,UTF-8/结构可读,项目材料,按现行口径或用途核对
03_实践验证阶段_2026.01-12/04_数据采集/学生作品收集/真实学生作品_待提交/选修二班_B18/参考样件/01_钥匙扣.FCStd,.fcstd,9758,通过,压缩结构完整,学生目录参考样件,仅供参考，不得认定为学生作品
03_实践验证阶段_2026.01-12/04_数据采集/学生作品收集/真实学生作品_待提交/选修二班_B18/参考样件/01_钥匙扣.stl,.stl,26484,通过,STL头与长度正常,学生目录参考样件,仅供参考，不得认定为学生作品
03_实践验证阶段_2026.01-12/04_数据采集/学生作品收集/真实学生作品_待提交/选修二班_B18/参考样件/02_笔筒.FCStd,.fcstd,9080,通过,压缩结构完整,学生目录参考样件,仅供参考，不得认定为学生作品
03_实践验证阶段_2026.01-12/04_数据采集/学生作品收集/真实学生作品_待提交/选修二班_B18/参考样件/02_笔筒.stl,.stl,6084,通过,STL头与长度正常,学生目录参考样件,仅供参考，不得认定为学生作品
03_实践验证阶段_2026.01-12/04_数据采集/学生作品收集/真实学生作品_待提交/选修二班_B18/参考样件/03_乐高式积木块_2x4.FCStd,.fcstd,8727,通过,压缩结构完整,学生目录参考样件,仅供参考，不得认定为学生作品
03_实践验证阶段_2026.01-12/04_数据采集/学生作品收集/真实学生作品_待提交/选修二班_B18/参考样件/03_乐高式积木块_2x4.stl,.stl,76084,通过,STL头与长度正常,学生目录参考样件,仅供参考，不得认定为学生作品
03_实践验证阶段_2026.01-12/04_数据采集/学生作品收集/真实学生作品_待提交/选修二班_B18/参考样件/04_手机支架.FCStd,.fcstd,6458,通过,压缩结构完整,学生目录参考样件,仅供参考，不得认定为学生作品
03_实践验证阶段_2026.01-12/04_数据采集/学生作品收集/真实学生作品_待提交/选修二班_B18/参考样件/04_手机支架.stl,.stl,3684,通过,STL头与长度正常,学生目录参考样件,仅供参考，不得认定为学生作品
03_实践验证阶段_2026.01-12/04_数据采集/学生作品收集/真实学生作品_待提交/选修二班_B18/参考样件/05_带盖储物盒.FCStd,.fcstd,14921,通过,压缩结构完整,学生目录参考样件,仅供参考，不得认定为学生作品
03_实践验证阶段_2026.01-12/04_数据采集/学生作品收集/真实学生作品_待提交/选修二班_B18/参考样件/05_带盖储物盒.stl,.stl,6884,通过,STL头与长度正常,学生目录参考样件,仅供参考，不得认定为学生作品
03_实践验证阶段_2026.01-12/04_数据采集/学生作品收集/真实学生作品_待提交/选修二班_B18/参考样件/06_结课综合项目_参考.FCStd,.fcstd,14905,通过,压缩结构完整,学生目录参考样件,仅供参考，不得认定为学生作品
03_实践验证阶段_2026.01-12/04_数据采集/学生作品收集/真实学生作品_待提交/选修二班_B18/参考样件/06_结课综合项目_参考.stl,.stl,108684,通过,STL头与长度正常,学生目录参考样件,仅供参考，不得认定为学生作品
03_实践验证阶段_2026.01-12/04_数据采集/学生作品收集/真实学生作品_待提交/选修二班_B19/_待提交说明.md,.md,1179,通过,UTF-8/结构可读,项目材料,按现行口径或用途核对
03_实践验证阶段_2026.01-12/04_数据采集/学生作品收集/真实学生作品_待提交/选修二班_B19/参考样件/01_钥匙扣.FCStd,.fcstd,9758,通过,压缩结构完整,学生目录参考样件,仅供参考，不得认定为学生作品
03_实践验证阶段_2026.01-12/04_数据采集/学生作品收集/真实学生作品_待提交/选修二班_B19/参考样件/01_钥匙扣.stl,.stl,26484,通过,STL头与长度正常,学生目录参考样件,仅供参考，不得认定为学生作品
03_实践验证阶段_2026.01-12/04_数据采集/学生作品收集/真实学生作品_待提交/选修二班_B19/参考样件/02_笔筒.FCStd,.fcstd,9080,通过,压缩结构完整,学生目录参考样件,仅供参考，不得认定为学生作品
03_实践验证阶段_2026.01-12/04_数据采集/学生作品收集/真实学生作品_待提交/选修二班_B19/参考样件/02_笔筒.stl,.stl,6084,通过,STL头与长度正常,学生目录参考样件,仅供参考，不得认定为学生作品
03_实践验证阶段_2026.01-12/04_数据采集/学生作品收集/真实学生作品_待提交/选修二班_B19/参考样件/03_乐高式积木块_2x4.FCStd,.fcstd,8727,通过,压缩结构完整,学生目录参考样件,仅供参考，不得认定为学生作品
03_实践验证阶段_2026.01-12/04_数据采集/学生作品收集/真实学生作品_待提交/选修二班_B19/参考样件/03_乐高式积木块_2x4.stl,.stl,76084,通过,STL头与长度正常,学生目录参考样件,仅供参考，不得认定为学生作品
03_实践验证阶段_2026.01-12/04_数据采集/学生作品收集/真实学生作品_待提交/选修二班_B19/参考样件/04_手机支架.FCStd,.fcstd,6458,通过,压缩结构完整,学生目录参考样件,仅供参考，不得认定为学生作品
03_实践验证阶段_2026.01-12/04_数据采集/学生作品收集/真实学生作品_待提交/选修二班_B19/参考样件/04_手机支架.stl,.stl,3684,通过,STL头与长度正常,学生目录参考样件,仅供参考，不得认定为学生作品
03_实践验证阶段_2026.01-12/04_数据采集/学生作品收集/真实学生作品_待提交/选修二班_B19/参考样件/05_带盖储物盒.FCStd,.fcstd,14921,通过,压缩结构完整,学生目录参考样件,仅供参考，不得认定为学生作品
03_实践验证阶段_2026.01-12/04_数据采集/学生作品收集/真实学生作品_待提交/选修二班_B19/参考样件/05_带盖储物盒.stl,.stl,6884,通过,STL头与长度正常,学生目录参考样件,仅供参考，不得认定为学生作品
03_实践验证阶段_2026.01-12/04_数据采集/学生作品收集/真实学生作品_待提交/选修二班_B19/参考样件/06_结课综合项目_参考.FCStd,.fcstd,14905,通过,压缩结构完整,学生目录参考样件,仅供参考，不得认定为学生作品
03_实践验证阶段_2026.01-12/04_数据采集/学生作品收集/真实学生作品_待提交/选修二班_B19/参考样件/06_结课综合项目_参考.stl,.stl,108684,通过,STL头与长度正常,学生目录参考样件,仅供参考，不得认定为学生作品
03_实践验证阶段_2026.01-12/04_数据采集/学生作品收集/真实学生作品_待提交/选修二班_B20/_待提交说明.md,.md,1179,通过,UTF-8/结构可读,项目材料,按现行口径或用途核对
03_实践验证阶段_2026.01-12/04_数据采集/学生作品收集/真实学生作品_待提交/选修二班_B20/参考样件/01_钥匙扣.FCStd,.fcstd,9758,通过,压缩结构完整,学生目录参考样件,仅供参考，不得认定为学生作品
03_实践验证阶段_2026.01-12/04_数据采集/学生作品收集/真实学生作品_待提交/选修二班_B20/参考样件/01_钥匙扣.stl,.stl,26484,通过,STL头与长度正常,学生目录参考样件,仅供参考，不得认定为学生作品
03_实践验证阶段_2026.01-12/04_数据采集/学生作品收集/真实学生作品_待提交/选修二班_B20/参考样件/02_笔筒.FCStd,.fcstd,9080,通过,压缩结构完整,学生目录参考样件,仅供参考，不得认定为学生作品
03_实践验证阶段_2026.01-12/04_数据采集/学生作品收集/真实学生作品_待提交/选修二班_B20/参考样件/02_笔筒.stl,.stl,6084,通过,STL头与长度正常,学生目录参考样件,仅供参考，不得认定为学生作品
03_实践验证阶段_2026.01-12/04_数据采集/学生作品收集/真实学生作品_待提交/选修二班_B20/参考样件/03_乐高式积木块_2x4.FCStd,.fcstd,8727,通过,压缩结构完整,学生目录参考样件,仅供参考，不得认定为学生作品
03_实践验证阶段_2026.01-12/04_数据采集/学生作品收集/真实学生作品_待提交/选修二班_B20/参考样件/03_乐高式积木块_2x4.stl,.stl,76084,通过,STL头与长度正常,学生目录参考样件,仅供参考，不得认定为学生作品
03_实践验证阶段_2026.01-12/04_数据采集/学生作品收集/真实学生作品_待提交/选修二班_B20/参考样件/04_手机支架.FCStd,.fcstd,6458,通过,压缩结构完整,学生目录参考样件,仅供参考，不得认定为学生作品
03_实践验证阶段_2026.01-12/04_数据采集/学生作品收集/真实学生作品_待提交/选修二班_B20/参考样件/04_手机支架.stl,.stl,3684,通过,STL头与长度正常,学生目录参考样件,仅供参考，不得认定为学生作品
03_实践验证阶段_2026.01-12/04_数据采集/学生作品收集/真实学生作品_待提交/选修二班_B20/参考样件/05_带盖储物盒.FCStd,.fcstd,14921,通过,压缩结构完整,学生目录参考样件,仅供参考，不得认定为学生作品
03_实践验证阶段_2026.01-12/04_数据采集/学生作品收集/真实学生作品_待提交/选修二班_B20/参考样件/05_带盖储物盒.stl,.stl,6884,通过,STL头与长度正常,学生目录参考样件,仅供参考，不得认定为学生作品
03_实践验证阶段_2026.01-12/04_数据采集/学生作品收集/真实学生作品_待提交/选修二班_B20/参考样件/06_结课综合项目_参考.FCStd,.fcstd,14905,通过,压缩结构完整,学生目录参考样件,仅供参考，不得认定为学生作品
03_实践验证阶段_2026.01-12/04_数据采集/学生作品收集/真实学生作品_待提交/选修二班_B20/参考样件/06_结课综合项目_参考.stl,.stl,108684,通过,STL头与长度正常,学生目录参考样件,仅供参考，不得认定为学生作品
03_实践验证阶段_2026.01-12/04_数据采集/学生作品收集/真实学生作品_待提交/选修二班_B21/_待提交说明.md,.md,1179,通过,UTF-8/结构可读,项目材料,按现行口径或用途核对
03_实践验证阶段_2026.01-12/04_数据采集/学生作品收集/真实学生作品_待提交/选修二班_B21/参考样件/01_钥匙扣.FCStd,.fcstd,9758,通过,压缩结构完整,学生目录参考样件,仅供参考，不得认定为学生作品
03_实践验证阶段_2026.01-12/04_数据采集/学生作品收集/真实学生作品_待提交/选修二班_B21/参考样件/01_钥匙扣.stl,.stl,26484,通过,STL头与长度正常,学生目录参考样件,仅供参考，不得认定为学生作品
03_实践验证阶段_2026.01-12/04_数据采集/学生作品收集/真实学生作品_待提交/选修二班_B21/参考样件/02_笔筒.FCStd,.fcstd,9080,通过,压缩结构完整,学生目录参考样件,仅供参考，不得认定为学生作品
03_实践验证阶段_2026.01-12/04_数据采集/学生作品收集/真实学生作品_待提交/选修二班_B21/参考样件/02_笔筒.stl,.stl,6084,通过,STL头与长度正常,学生目录参考样件,仅供参考，不得认定为学生作品
03_实践验证阶段_2026.01-12/04_数据采集/学生作品收集/真实学生作品_待提交/选修二班_B21/参考样件/03_乐高式积木块_2x4.FCStd,.fcstd,8727,通过,压缩结构完整,学生目录参考样件,仅供参考，不得认定为学生作品
03_实践验证阶段_2026.01-12/04_数据采集/学生作品收集/真实学生作品_待提交/选修二班_B21/参考样件/03_乐高式积木块_2x4.stl,.stl,76084,通过,STL头与长度正常,学生目录参考样件,仅供参考，不得认定为学生作品
03_实践验证阶段_2026.01-12/04_数据采集/学生作品收集/真实学生作品_待提交/选修二班_B21/参考样件/04_手机支架.FCStd,.fcstd,6458,通过,压缩结构完整,学生目录参考样件,仅供参考，不得认定为学生作品
03_实践验证阶段_2026.01-12/04_数据采集/学生作品收集/真实学生作品_待提交/选修二班_B21/参考样件/04_手机支架.stl,.stl,3684,通过,STL头与长度正常,学生目录参考样件,仅供参考，不得认定为学生作品
03_实践验证阶段_2026.01-12/04_数据采集/学生作品收集/真实学生作品_待提交/选修二班_B21/参考样件/05_带盖储物盒.FCStd,.fcstd,14921,通过,压缩结构完整,学生目录参考样件,仅供参考，不得认定为学生作品
03_实践验证阶段_2026.01-12/04_数据采集/学生作品收集/真实学生作品_待提交/选修二班_B21/参考样件/05_带盖储物盒.stl,.stl,6884,通过,STL头与长度正常,学生目录参考样件,仅供参考，不得认定为学生作品
03_实践验证阶段_2026.01-12/04_数据采集/学生作品收集/真实学生作品_待提交/选修二班_B21/参考样件/06_结课综合项目_参考.FCStd,.fcstd,14905,通过,压缩结构完整,学生目录参考样件,仅供参考，不得认定为学生作品
03_实践验证阶段_2026.01-12/04_数据采集/学生作品收集/真实学生作品_待提交/选修二班_B21/参考样件/06_结课综合项目_参考.stl,.stl,108684,通过,STL头与长度正常,学生目录参考样件,仅供参考，不得认定为学生作品
03_实践验证阶段_2026.01-12/04_数据采集/学生作品收集/真实学生作品_待提交/选修二班_B22/_待提交说明.md,.md,1179,通过,UTF-8/结构可读,项目材料,按现行口径或用途核对
03_实践验证阶段_2026.01-12/04_数据采集/学生作品收集/真实学生作品_待提交/选修二班_B22/参考样件/01_钥匙扣.FCStd,.fcstd,9758,通过,压缩结构完整,学生目录参考样件,仅供参考，不得认定为学生作品
03_实践验证阶段_2026.01-12/04_数据采集/学生作品收集/真实学生作品_待提交/选修二班_B22/参考样件/01_钥匙扣.stl,.stl,26484,通过,STL头与长度正常,学生目录参考样件,仅供参考，不得认定为学生作品
03_实践验证阶段_2026.01-12/04_数据采集/学生作品收集/真实学生作品_待提交/选修二班_B22/参考样件/02_笔筒.FCStd,.fcstd,9080,通过,压缩结构完整,学生目录参考样件,仅供参考，不得认定为学生作品
03_实践验证阶段_2026.01-12/04_数据采集/学生作品收集/真实学生作品_待提交/选修二班_B22/参考样件/02_笔筒.stl,.stl,6084,通过,STL头与长度正常,学生目录参考样件,仅供参考，不得认定为学生作品
03_实践验证阶段_2026.01-12/04_数据采集/学生作品收集/真实学生作品_待提交/选修二班_B22/参考样件/03_乐高式积木块_2x4.FCStd,.fcstd,8727,通过,压缩结构完整,学生目录参考样件,仅供参考，不得认定为学生作品
03_实践验证阶段_2026.01-12/04_数据采集/学生作品收集/真实学生作品_待提交/选修二班_B22/参考样件/03_乐高式积木块_2x4.stl,.stl,76084,通过,STL头与长度正常,学生目录参考样件,仅供参考，不得认定为学生作品
03_实践验证阶段_2026.01-12/04_数据采集/学生作品收集/真实学生作品_待提交/选修二班_B22/参考样件/04_手机支架.FCStd,.fcstd,6458,通过,压缩结构完整,学生目录参考样件,仅供参考，不得认定为学生作品
03_实践验证阶段_2026.01-12/04_数据采集/学生作品收集/真实学生作品_待提交/选修二班_B22/参考样件/04_手机支架.stl,.stl,3684,通过,STL头与长度正常,学生目录参考样件,仅供参考，不得认定为学生作品
03_实践验证阶段_2026.01-12/04_数据采集/学生作品收集/真实学生作品_待提交/选修二班_B22/参考样件/05_带盖储物盒.FCStd,.fcstd,14921,通过,压缩结构完整,学生目录参考样件,仅供参考，不得认定为学生作品
03_实践验证阶段_2026.01-12/04_数据采集/学生作品收集/真实学生作品_待提交/选修二班_B22/参考样件/05_带盖储物盒.stl,.stl,6884,通过,STL头与长度正常,学生目录参考样件,仅供参考，不得认定为学生作品
03_实践验证阶段_2026.01-12/04_数据采集/学生作品收集/真实学生作品_待提交/选修二班_B22/参考样件/06_结课综合项目_参考.FCStd,.fcstd,14905,通过,压缩结构完整,学生目录参考样件,仅供参考，不得认定为学生作品
03_实践验证阶段_2026.01-12/04_数据采集/学生作品收集/真实学生作品_待提交/选修二班_B22/参考样件/06_结课综合项目_参考.stl,.stl,108684,通过,STL头与长度正常,学生目录参考样件,仅供参考，不得认定为学生作品
03_实践验证阶段_2026.01-12/04_数据采集/学生作品收集/真实学生作品_待提交/选修二班_B23/_待提交说明.md,.md,1179,通过,UTF-8/结构可读,项目材料,按现行口径或用途核对
03_实践验证阶段_2026.01-12/04_数据采集/学生作品收集/真实学生作品_待提交/选修二班_B23/参考样件/01_钥匙扣.FCStd,.fcstd,9758,通过,压缩结构完整,学生目录参考样件,仅供参考，不得认定为学生作品
03_实践验证阶段_2026.01-12/04_数据采集/学生作品收集/真实学生作品_待提交/选修二班_B23/参考样件/01_钥匙扣.stl,.stl,26484,通过,STL头与长度正常,学生目录参考样件,仅供参考，不得认定为学生作品
03_实践验证阶段_2026.01-12/04_数据采集/学生作品收集/真实学生作品_待提交/选修二班_B23/参考样件/02_笔筒.FCStd,.fcstd,9080,通过,压缩结构完整,学生目录参考样件,仅供参考，不得认定为学生作品
03_实践验证阶段_2026.01-12/04_数据采集/学生作品收集/真实学生作品_待提交/选修二班_B23/参考样件/02_笔筒.stl,.stl,6084,通过,STL头与长度正常,学生目录参考样件,仅供参考，不得认定为学生作品
03_实践验证阶段_2026.01-12/04_数据采集/学生作品收集/真实学生作品_待提交/选修二班_B23/参考样件/03_乐高式积木块_2x4.FCStd,.fcstd,8727,通过,压缩结构完整,学生目录参考样件,仅供参考，不得认定为学生作品
03_实践验证阶段_2026.01-12/04_数据采集/学生作品收集/真实学生作品_待提交/选修二班_B23/参考样件/03_乐高式积木块_2x4.stl,.stl,76084,通过,STL头与长度正常,学生目录参考样件,仅供参考，不得认定为学生作品
03_实践验证阶段_2026.01-12/04_数据采集/学生作品收集/真实学生作品_待提交/选修二班_B23/参考样件/04_手机支架.FCStd,.fcstd,6458,通过,压缩结构完整,学生目录参考样件,仅供参考，不得认定为学生作品
03_实践验证阶段_2026.01-12/04_数据采集/学生作品收集/真实学生作品_待提交/选修二班_B23/参考样件/04_手机支架.stl,.stl,3684,通过,STL头与长度正常,学生目录参考样件,仅供参考，不得认定为学生作品
03_实践验证阶段_2026.01-12/04_数据采集/学生作品收集/真实学生作品_待提交/选修二班_B23/参考样件/05_带盖储物盒.FCStd,.fcstd,14921,通过,压缩结构完整,学生目录参考样件,仅供参考，不得认定为学生作品
03_实践验证阶段_2026.01-12/04_数据采集/学生作品收集/真实学生作品_待提交/选修二班_B23/参考样件/05_带盖储物盒.stl,.stl,6884,通过,STL头与长度正常,学生目录参考样件,仅供参考，不得认定为学生作品
03_实践验证阶段_2026.01-12/04_数据采集/学生作品收集/真实学生作品_待提交/选修二班_B23/参考样件/06_结课综合项目_参考.FCStd,.fcstd,14905,通过,压缩结构完整,学生目录参考样件,仅供参考，不得认定为学生作品
03_实践验证阶段_2026.01-12/04_数据采集/学生作品收集/真实学生作品_待提交/选修二班_B23/参考样件/06_结课综合项目_参考.stl,.stl,108684,通过,STL头与长度正常,学生目录参考样件,仅供参考，不得认定为学生作品
03_实践验证阶段_2026.01-12/04_数据采集/学生作品收集/真实学生作品_待提交/选修二班_B24/_待提交说明.md,.md,1179,通过,UTF-8/结构可读,项目材料,按现行口径或用途核对
03_实践验证阶段_2026.01-12/04_数据采集/学生作品收集/真实学生作品_待提交/选修二班_B24/参考样件/01_钥匙扣.FCStd,.fcstd,9758,通过,压缩结构完整,学生目录参考样件,仅供参考，不得认定为学生作品
03_实践验证阶段_2026.01-12/04_数据采集/学生作品收集/真实学生作品_待提交/选修二班_B24/参考样件/01_钥匙扣.stl,.stl,26484,通过,STL头与长度正常,学生目录参考样件,仅供参考，不得认定为学生作品
03_实践验证阶段_2026.01-12/04_数据采集/学生作品收集/真实学生作品_待提交/选修二班_B24/参考样件/02_笔筒.FCStd,.fcstd,9080,通过,压缩结构完整,学生目录参考样件,仅供参考，不得认定为学生作品
03_实践验证阶段_2026.01-12/04_数据采集/学生作品收集/真实学生作品_待提交/选修二班_B24/参考样件/02_笔筒.stl,.stl,6084,通过,STL头与长度正常,学生目录参考样件,仅供参考，不得认定为学生作品
03_实践验证阶段_2026.01-12/04_数据采集/学生作品收集/真实学生作品_待提交/选修二班_B24/参考样件/03_乐高式积木块_2x4.FCStd,.fcstd,8727,通过,压缩结构完整,学生目录参考样件,仅供参考，不得认定为学生作品
03_实践验证阶段_2026.01-12/04_数据采集/学生作品收集/真实学生作品_待提交/选修二班_B24/参考样件/03_乐高式积木块_2x4.stl,.stl,76084,通过,STL头与长度正常,学生目录参考样件,仅供参考，不得认定为学生作品
03_实践验证阶段_2026.01-12/04_数据采集/学生作品收集/真实学生作品_待提交/选修二班_B24/参考样件/04_手机支架.FCStd,.fcstd,6458,通过,压缩结构完整,学生目录参考样件,仅供参考，不得认定为学生作品
03_实践验证阶段_2026.01-12/04_数据采集/学生作品收集/真实学生作品_待提交/选修二班_B24/参考样件/04_手机支架.stl,.stl,3684,通过,STL头与长度正常,学生目录参考样件,仅供参考，不得认定为学生作品
03_实践验证阶段_2026.01-12/04_数据采集/学生作品收集/真实学生作品_待提交/选修二班_B24/参考样件/05_带盖储物盒.FCStd,.fcstd,14921,通过,压缩结构完整,学生目录参考样件,仅供参考，不得认定为学生作品
03_实践验证阶段_2026.01-12/04_数据采集/学生作品收集/真实学生作品_待提交/选修二班_B24/参考样件/05_带盖储物盒.stl,.stl,6884,通过,STL头与长度正常,学生目录参考样件,仅供参考，不得认定为学生作品
03_实践验证阶段_2026.01-12/04_数据采集/学生作品收集/真实学生作品_待提交/选修二班_B24/参考样件/06_结课综合项目_参考.FCStd,.fcstd,14905,通过,压缩结构完整,学生目录参考样件,仅供参考，不得认定为学生作品
03_实践验证阶段_2026.01-12/04_数据采集/学生作品收集/真实学生作品_待提交/选修二班_B24/参考样件/06_结课综合项目_参考.stl,.stl,108684,通过,STL头与长度正常,学生目录参考样件,仅供参考，不得认定为学生作品
03_实践验证阶段_2026.01-12/04_数据采集/学生作品收集/真实学生作品_待提交/选修二班_B25/_待提交说明.md,.md,1179,通过,UTF-8/结构可读,项目材料,按现行口径或用途核对
03_实践验证阶段_2026.01-12/04_数据采集/学生作品收集/真实学生作品_待提交/选修二班_B25/参考样件/01_钥匙扣.FCStd,.fcstd,9758,通过,压缩结构完整,学生目录参考样件,仅供参考，不得认定为学生作品
03_实践验证阶段_2026.01-12/04_数据采集/学生作品收集/真实学生作品_待提交/选修二班_B25/参考样件/01_钥匙扣.stl,.stl,26484,通过,STL头与长度正常,学生目录参考样件,仅供参考，不得认定为学生作品
03_实践验证阶段_2026.01-12/04_数据采集/学生作品收集/真实学生作品_待提交/选修二班_B25/参考样件/02_笔筒.FCStd,.fcstd,9080,通过,压缩结构完整,学生目录参考样件,仅供参考，不得认定为学生作品
03_实践验证阶段_2026.01-12/04_数据采集/学生作品收集/真实学生作品_待提交/选修二班_B25/参考样件/02_笔筒.stl,.stl,6084,通过,STL头与长度正常,学生目录参考样件,仅供参考，不得认定为学生作品
03_实践验证阶段_2026.01-12/04_数据采集/学生作品收集/真实学生作品_待提交/选修二班_B25/参考样件/03_乐高式积木块_2x4.FCStd,.fcstd,8727,通过,压缩结构完整,学生目录参考样件,仅供参考，不得认定为学生作品
03_实践验证阶段_2026.01-12/04_数据采集/学生作品收集/真实学生作品_待提交/选修二班_B25/参考样件/03_乐高式积木块_2x4.stl,.stl,76084,通过,STL头与长度正常,学生目录参考样件,仅供参考，不得认定为学生作品
03_实践验证阶段_2026.01-12/04_数据采集/学生作品收集/真实学生作品_待提交/选修二班_B25/参考样件/04_手机支架.FCStd,.fcstd,6458,通过,压缩结构完整,学生目录参考样件,仅供参考，不得认定为学生作品
03_实践验证阶段_2026.01-12/04_数据采集/学生作品收集/真实学生作品_待提交/选修二班_B25/参考样件/04_手机支架.stl,.stl,3684,通过,STL头与长度正常,学生目录参考样件,仅供参考，不得认定为学生作品
03_实践验证阶段_2026.01-12/04_数据采集/学生作品收集/真实学生作品_待提交/选修二班_B25/参考样件/05_带盖储物盒.FCStd,.fcstd,14921,通过,压缩结构完整,学生目录参考样件,仅供参考，不得认定为学生作品
03_实践验证阶段_2026.01-12/04_数据采集/学生作品收集/真实学生作品_待提交/选修二班_B25/参考样件/05_带盖储物盒.stl,.stl,6884,通过,STL头与长度正常,学生目录参考样件,仅供参考，不得认定为学生作品
03_实践验证阶段_2026.01-12/04_数据采集/学生作品收集/真实学生作品_待提交/选修二班_B25/参考样件/06_结课综合项目_参考.FCStd,.fcstd,14905,通过,压缩结构完整,学生目录参考样件,仅供参考，不得认定为学生作品
03_实践验证阶段_2026.01-12/04_数据采集/学生作品收集/真实学生作品_待提交/选修二班_B25/参考样件/06_结课综合项目_参考.stl,.stl,108684,通过,STL头与长度正常,学生目录参考样件,仅供参考，不得认定为学生作品
03_实践验证阶段_2026.01-12/04_数据采集/学生作品收集/真实学生作品_待提交/选修二班_B26/_待提交说明.md,.md,1179,通过,UTF-8/结构可读,项目材料,按现行口径或用途核对
03_实践验证阶段_2026.01-12/04_数据采集/学生作品收集/真实学生作品_待提交/选修二班_B26/参考样件/01_钥匙扣.FCStd,.fcstd,9758,通过,压缩结构完整,学生目录参考样件,仅供参考，不得认定为学生作品
03_实践验证阶段_2026.01-12/04_数据采集/学生作品收集/真实学生作品_待提交/选修二班_B26/参考样件/01_钥匙扣.stl,.stl,26484,通过,STL头与长度正常,学生目录参考样件,仅供参考，不得认定为学生作品
03_实践验证阶段_2026.01-12/04_数据采集/学生作品收集/真实学生作品_待提交/选修二班_B26/参考样件/02_笔筒.FCStd,.fcstd,9080,通过,压缩结构完整,学生目录参考样件,仅供参考，不得认定为学生作品
03_实践验证阶段_2026.01-12/04_数据采集/学生作品收集/真实学生作品_待提交/选修二班_B26/参考样件/02_笔筒.stl,.stl,6084,通过,STL头与长度正常,学生目录参考样件,仅供参考，不得认定为学生作品
03_实践验证阶段_2026.01-12/04_数据采集/学生作品收集/真实学生作品_待提交/选修二班_B26/参考样件/03_乐高式积木块_2x4.FCStd,.fcstd,8727,通过,压缩结构完整,学生目录参考样件,仅供参考，不得认定为学生作品
03_实践验证阶段_2026.01-12/04_数据采集/学生作品收集/真实学生作品_待提交/选修二班_B26/参考样件/03_乐高式积木块_2x4.stl,.stl,76084,通过,STL头与长度正常,学生目录参考样件,仅供参考，不得认定为学生作品
03_实践验证阶段_2026.01-12/04_数据采集/学生作品收集/真实学生作品_待提交/选修二班_B26/参考样件/04_手机支架.FCStd,.fcstd,6458,通过,压缩结构完整,学生目录参考样件,仅供参考，不得认定为学生作品
03_实践验证阶段_2026.01-12/04_数据采集/学生作品收集/真实学生作品_待提交/选修二班_B26/参考样件/04_手机支架.stl,.stl,3684,通过,STL头与长度正常,学生目录参考样件,仅供参考，不得认定为学生作品
03_实践验证阶段_2026.01-12/04_数据采集/学生作品收集/真实学生作品_待提交/选修二班_B26/参考样件/05_带盖储物盒.FCStd,.fcstd,14921,通过,压缩结构完整,学生目录参考样件,仅供参考，不得认定为学生作品
03_实践验证阶段_2026.01-12/04_数据采集/学生作品收集/真实学生作品_待提交/选修二班_B26/参考样件/05_带盖储物盒.stl,.stl,6884,通过,STL头与长度正常,学生目录参考样件,仅供参考，不得认定为学生作品
03_实践验证阶段_2026.01-12/04_数据采集/学生作品收集/真实学生作品_待提交/选修二班_B26/参考样件/06_结课综合项目_参考.FCStd,.fcstd,14905,通过,压缩结构完整,学生目录参考样件,仅供参考，不得认定为学生作品
03_实践验证阶段_2026.01-12/04_数据采集/学生作品收集/真实学生作品_待提交/选修二班_B26/参考样件/06_结课综合项目_参考.stl,.stl,108684,通过,STL头与长度正常,学生目录参考样件,仅供参考，不得认定为学生作品
03_实践验证阶段_2026.01-12/04_数据采集/学生作品收集/真实学生作品_待提交/选修二班_B27/_待提交说明.md,.md,1179,通过,UTF-8/结构可读,项目材料,按现行口径或用途核对
03_实践验证阶段_2026.01-12/04_数据采集/学生作品收集/真实学生作品_待提交/选修二班_B27/参考样件/01_钥匙扣.FCStd,.fcstd,9758,通过,压缩结构完整,学生目录参考样件,仅供参考，不得认定为学生作品
03_实践验证阶段_2026.01-12/04_数据采集/学生作品收集/真实学生作品_待提交/选修二班_B27/参考样件/01_钥匙扣.stl,.stl,26484,通过,STL头与长度正常,学生目录参考样件,仅供参考，不得认定为学生作品
03_实践验证阶段_2026.01-12/04_数据采集/学生作品收集/真实学生作品_待提交/选修二班_B27/参考样件/02_笔筒.FCStd,.fcstd,9080,通过,压缩结构完整,学生目录参考样件,仅供参考，不得认定为学生作品
03_实践验证阶段_2026.01-12/04_数据采集/学生作品收集/真实学生作品_待提交/选修二班_B27/参考样件/02_笔筒.stl,.stl,6084,通过,STL头与长度正常,学生目录参考样件,仅供参考，不得认定为学生作品
03_实践验证阶段_2026.01-12/04_数据采集/学生作品收集/真实学生作品_待提交/选修二班_B27/参考样件/03_乐高式积木块_2x4.FCStd,.fcstd,8727,通过,压缩结构完整,学生目录参考样件,仅供参考，不得认定为学生作品
03_实践验证阶段_2026.01-12/04_数据采集/学生作品收集/真实学生作品_待提交/选修二班_B27/参考样件/03_乐高式积木块_2x4.stl,.stl,76084,通过,STL头与长度正常,学生目录参考样件,仅供参考，不得认定为学生作品
03_实践验证阶段_2026.01-12/04_数据采集/学生作品收集/真实学生作品_待提交/选修二班_B27/参考样件/04_手机支架.FCStd,.fcstd,6458,通过,压缩结构完整,学生目录参考样件,仅供参考，不得认定为学生作品
03_实践验证阶段_2026.01-12/04_数据采集/学生作品收集/真实学生作品_待提交/选修二班_B27/参考样件/04_手机支架.stl,.stl,3684,通过,STL头与长度正常,学生目录参考样件,仅供参考，不得认定为学生作品
03_实践验证阶段_2026.01-12/04_数据采集/学生作品收集/真实学生作品_待提交/选修二班_B27/参考样件/05_带盖储物盒.FCStd,.fcstd,14921,通过,压缩结构完整,学生目录参考样件,仅供参考，不得认定为学生作品
03_实践验证阶段_2026.01-12/04_数据采集/学生作品收集/真实学生作品_待提交/选修二班_B27/参考样件/05_带盖储物盒.stl,.stl,6884,通过,STL头与长度正常,学生目录参考样件,仅供参考，不得认定为学生作品
03_实践验证阶段_2026.01-12/04_数据采集/学生作品收集/真实学生作品_待提交/选修二班_B27/参考样件/06_结课综合项目_参考.FCStd,.fcstd,14905,通过,压缩结构完整,学生目录参考样件,仅供参考，不得认定为学生作品
03_实践验证阶段_2026.01-12/04_数据采集/学生作品收集/真实学生作品_待提交/选修二班_B27/参考样件/06_结课综合项目_参考.stl,.stl,108684,通过,STL头与长度正常,学生目录参考样件,仅供参考，不得认定为学生作品
03_实践验证阶段_2026.01-12/04_数据采集/学生作品收集/真实学生作品_待提交/选修二班_B28/_待提交说明.md,.md,1179,通过,UTF-8/结构可读,项目材料,按现行口径或用途核对
03_实践验证阶段_2026.01-12/04_数据采集/学生作品收集/真实学生作品_待提交/选修二班_B28/参考样件/01_钥匙扣.FCStd,.fcstd,9758,通过,压缩结构完整,学生目录参考样件,仅供参考，不得认定为学生作品
03_实践验证阶段_2026.01-12/04_数据采集/学生作品收集/真实学生作品_待提交/选修二班_B28/参考样件/01_钥匙扣.stl,.stl,26484,通过,STL头与长度正常,学生目录参考样件,仅供参考，不得认定为学生作品
03_实践验证阶段_2026.01-12/04_数据采集/学生作品收集/真实学生作品_待提交/选修二班_B28/参考样件/02_笔筒.FCStd,.fcstd,9080,通过,压缩结构完整,学生目录参考样件,仅供参考，不得认定为学生作品
03_实践验证阶段_2026.01-12/04_数据采集/学生作品收集/真实学生作品_待提交/选修二班_B28/参考样件/02_笔筒.stl,.stl,6084,通过,STL头与长度正常,学生目录参考样件,仅供参考，不得认定为学生作品
03_实践验证阶段_2026.01-12/04_数据采集/学生作品收集/真实学生作品_待提交/选修二班_B28/参考样件/03_乐高式积木块_2x4.FCStd,.fcstd,8727,通过,压缩结构完整,学生目录参考样件,仅供参考，不得认定为学生作品
03_实践验证阶段_2026.01-12/04_数据采集/学生作品收集/真实学生作品_待提交/选修二班_B28/参考样件/03_乐高式积木块_2x4.stl,.stl,76084,通过,STL头与长度正常,学生目录参考样件,仅供参考，不得认定为学生作品
03_实践验证阶段_2026.01-12/04_数据采集/学生作品收集/真实学生作品_待提交/选修二班_B28/参考样件/04_手机支架.FCStd,.fcstd,6458,通过,压缩结构完整,学生目录参考样件,仅供参考，不得认定为学生作品
03_实践验证阶段_2026.01-12/04_数据采集/学生作品收集/真实学生作品_待提交/选修二班_B28/参考样件/04_手机支架.stl,.stl,3684,通过,STL头与长度正常,学生目录参考样件,仅供参考，不得认定为学生作品
03_实践验证阶段_2026.01-12/04_数据采集/学生作品收集/真实学生作品_待提交/选修二班_B28/参考样件/05_带盖储物盒.FCStd,.fcstd,14921,通过,压缩结构完整,学生目录参考样件,仅供参考，不得认定为学生作品
03_实践验证阶段_2026.01-12/04_数据采集/学生作品收集/真实学生作品_待提交/选修二班_B28/参考样件/05_带盖储物盒.stl,.stl,6884,通过,STL头与长度正常,学生目录参考样件,仅供参考，不得认定为学生作品
03_实践验证阶段_2026.01-12/04_数据采集/学生作品收集/真实学生作品_待提交/选修二班_B28/参考样件/06_结课综合项目_参考.FCStd,.fcstd,14905,通过,压缩结构完整,学生目录参考样件,仅供参考，不得认定为学生作品
03_实践验证阶段_2026.01-12/04_数据采集/学生作品收集/真实学生作品_待提交/选修二班_B28/参考样件/06_结课综合项目_参考.stl,.stl,108684,通过,STL头与长度正常,学生目录参考样件,仅供参考，不得认定为学生作品
03_实践验证阶段_2026.01-12/04_数据采集/学生作品收集/真实学生作品_待提交/选修二班_B29/_待提交说明.md,.md,1179,通过,UTF-8/结构可读,项目材料,按现行口径或用途核对
03_实践验证阶段_2026.01-12/04_数据采集/学生作品收集/真实学生作品_待提交/选修二班_B29/参考样件/01_钥匙扣.FCStd,.fcstd,9758,通过,压缩结构完整,学生目录参考样件,仅供参考，不得认定为学生作品
03_实践验证阶段_2026.01-12/04_数据采集/学生作品收集/真实学生作品_待提交/选修二班_B29/参考样件/01_钥匙扣.stl,.stl,26484,通过,STL头与长度正常,学生目录参考样件,仅供参考，不得认定为学生作品
03_实践验证阶段_2026.01-12/04_数据采集/学生作品收集/真实学生作品_待提交/选修二班_B29/参考样件/02_笔筒.FCStd,.fcstd,9080,通过,压缩结构完整,学生目录参考样件,仅供参考，不得认定为学生作品
03_实践验证阶段_2026.01-12/04_数据采集/学生作品收集/真实学生作品_待提交/选修二班_B29/参考样件/02_笔筒.stl,.stl,6084,通过,STL头与长度正常,学生目录参考样件,仅供参考，不得认定为学生作品
03_实践验证阶段_2026.01-12/04_数据采集/学生作品收集/真实学生作品_待提交/选修二班_B29/参考样件/03_乐高式积木块_2x4.FCStd,.fcstd,8727,通过,压缩结构完整,学生目录参考样件,仅供参考，不得认定为学生作品
03_实践验证阶段_2026.01-12/04_数据采集/学生作品收集/真实学生作品_待提交/选修二班_B29/参考样件/03_乐高式积木块_2x4.stl,.stl,76084,通过,STL头与长度正常,学生目录参考样件,仅供参考，不得认定为学生作品
03_实践验证阶段_2026.01-12/04_数据采集/学生作品收集/真实学生作品_待提交/选修二班_B29/参考样件/04_手机支架.FCStd,.fcstd,6458,通过,压缩结构完整,学生目录参考样件,仅供参考，不得认定为学生作品
03_实践验证阶段_2026.01-12/04_数据采集/学生作品收集/真实学生作品_待提交/选修二班_B29/参考样件/04_手机支架.stl,.stl,3684,通过,STL头与长度正常,学生目录参考样件,仅供参考，不得认定为学生作品
03_实践验证阶段_2026.01-12/04_数据采集/学生作品收集/真实学生作品_待提交/选修二班_B29/参考样件/05_带盖储物盒.FCStd,.fcstd,14921,通过,压缩结构完整,学生目录参考样件,仅供参考，不得认定为学生作品
03_实践验证阶段_2026.01-12/04_数据采集/学生作品收集/真实学生作品_待提交/选修二班_B29/参考样件/05_带盖储物盒.stl,.stl,6884,通过,STL头与长度正常,学生目录参考样件,仅供参考，不得认定为学生作品
03_实践验证阶段_2026.01-12/04_数据采集/学生作品收集/真实学生作品_待提交/选修二班_B29/参考样件/06_结课综合项目_参考.FCStd,.fcstd,14905,通过,压缩结构完整,学生目录参考样件,仅供参考，不得认定为学生作品
03_实践验证阶段_2026.01-12/04_数据采集/学生作品收集/真实学生作品_待提交/选修二班_B29/参考样件/06_结课综合项目_参考.stl,.stl,108684,通过,STL头与长度正常,学生目录参考样件,仅供参考，不得认定为学生作品
03_实践验证阶段_2026.01-12/04_数据采集/学生作品收集/真实学生作品_待提交/选修二班_B30/_待提交说明.md,.md,1179,通过,UTF-8/结构可读,项目材料,按现行口径或用途核对
03_实践验证阶段_2026.01-12/04_数据采集/学生作品收集/真实学生作品_待提交/选修二班_B30/参考样件/01_钥匙扣.FCStd,.fcstd,9758,通过,压缩结构完整,学生目录参考样件,仅供参考，不得认定为学生作品
03_实践验证阶段_2026.01-12/04_数据采集/学生作品收集/真实学生作品_待提交/选修二班_B30/参考样件/01_钥匙扣.stl,.stl,26484,通过,STL头与长度正常,学生目录参考样件,仅供参考，不得认定为学生作品
03_实践验证阶段_2026.01-12/04_数据采集/学生作品收集/真实学生作品_待提交/选修二班_B30/参考样件/02_笔筒.FCStd,.fcstd,9080,通过,压缩结构完整,学生目录参考样件,仅供参考，不得认定为学生作品
03_实践验证阶段_2026.01-12/04_数据采集/学生作品收集/真实学生作品_待提交/选修二班_B30/参考样件/02_笔筒.stl,.stl,6084,通过,STL头与长度正常,学生目录参考样件,仅供参考，不得认定为学生作品
03_实践验证阶段_2026.01-12/04_数据采集/学生作品收集/真实学生作品_待提交/选修二班_B30/参考样件/03_乐高式积木块_2x4.FCStd,.fcstd,8727,通过,压缩结构完整,学生目录参考样件,仅供参考，不得认定为学生作品
03_实践验证阶段_2026.01-12/04_数据采集/学生作品收集/真实学生作品_待提交/选修二班_B30/参考样件/03_乐高式积木块_2x4.stl,.stl,76084,通过,STL头与长度正常,学生目录参考样件,仅供参考，不得认定为学生作品
03_实践验证阶段_2026.01-12/04_数据采集/学生作品收集/真实学生作品_待提交/选修二班_B30/参考样件/04_手机支架.FCStd,.fcstd,6458,通过,压缩结构完整,学生目录参考样件,仅供参考，不得认定为学生作品
03_实践验证阶段_2026.01-12/04_数据采集/学生作品收集/真实学生作品_待提交/选修二班_B30/参考样件/04_手机支架.stl,.stl,3684,通过,STL头与长度正常,学生目录参考样件,仅供参考，不得认定为学生作品
03_实践验证阶段_2026.01-12/04_数据采集/学生作品收集/真实学生作品_待提交/选修二班_B30/参考样件/05_带盖储物盒.FCStd,.fcstd,14921,通过,压缩结构完整,学生目录参考样件,仅供参考，不得认定为学生作品
03_实践验证阶段_2026.01-12/04_数据采集/学生作品收集/真实学生作品_待提交/选修二班_B30/参考样件/05_带盖储物盒.stl,.stl,6884,通过,STL头与长度正常,学生目录参考样件,仅供参考，不得认定为学生作品
03_实践验证阶段_2026.01-12/04_数据采集/学生作品收集/真实学生作品_待提交/选修二班_B30/参考样件/06_结课综合项目_参考.FCStd,.fcstd,14905,通过,压缩结构完整,学生目录参考样件,仅供参考，不得认定为学生作品
03_实践验证阶段_2026.01-12/04_数据采集/学生作品收集/真实学生作品_待提交/选修二班_B30/参考样件/06_结课综合项目_参考.stl,.stl,108684,通过,STL头与长度正常,学生目录参考样件,仅供参考，不得认定为学生作品
03_实践验证阶段_2026.01-12/04_数据采集/数据采集说明.md,.md,1048,通过,UTF-8/结构可读,项目材料,按现行口径或用途核对
03_实践验证阶段_2026.01-12/05_课程研究数据平台/.DS_Store,[无],8196,通过,非空二进制/辅助文件,系统元数据,不作为送审材料
03_实践验证阶段_2026.01-12/05_课程研究数据平台/FreeCAD专项测评工具/00_使用说明.md,.md,5288,通过,UTF-8/结构可读,项目材料,按现行口径或用途核对
03_实践验证阶段_2026.01-12/05_课程研究数据平台/FreeCAD专项测评工具/01_前测卷/前测卷.html,.html,13881,通过,UTF-8/结构可读,项目材料,按现行口径或用途核对
03_实践验证阶段_2026.01-12/05_课程研究数据平台/FreeCAD专项测评工具/02_后测卷/后测卷.html,.html,13841,通过,UTF-8/结构可读,项目材料,按现行口径或用途核对
03_实践验证阶段_2026.01-12/05_课程研究数据平台/FreeCAD专项测评工具/03_作品评价量表/作品评价量表.md,.md,3459,通过,UTF-8/结构可读,项目材料,按现行口径或用途核对
03_实践验证阶段_2026.01-12/05_课程研究数据平台/FreeCAD专项测评工具/04_课堂观察量表/课堂观察量表.md,.md,2292,通过,UTF-8/结构可读,项目材料,按现行口径或用途核对
03_实践验证阶段_2026.01-12/05_课程研究数据平台/FreeCAD专项测评工具/05_学生访谈提纲/学生访谈提纲.md,.md,2642,通过,UTF-8/结构可读,项目材料,按现行口径或用途核对
03_实践验证阶段_2026.01-12/05_课程研究数据平台/FreeCAD专项测评工具/06_匿名编号规则/匿名编号规则.md,.md,1713,通过,UTF-8/结构可读,项目材料,按现行口径或用途核对
03_实践验证阶段_2026.01-12/05_课程研究数据平台/app.js,.js,9952,通过,UTF-8/结构可读,项目材料,按现行口径或用途核对
03_实践验证阶段_2026.01-12/05_课程研究数据平台/index.html,.html,5771,通过,UTF-8/结构可读,项目材料,按现行口径或用途核对
03_实践验证阶段_2026.01-12/05_课程研究数据平台/qa-screenshot.mjs,.mjs,900,通过,非空二进制/辅助文件,项目材料,按现行口径或用途核对
03_实践验证阶段_2026.01-12/05_课程研究数据平台/styles.css,.css,5364,通过,UTF-8/结构可读,项目材料,按现行口径或用途核对
03_实践验证阶段_2026.01-12/05_课程研究数据平台/平台首页截图.png,.png,177296,通过,图像可解码,项目材料,按现行口径或用途核对
03_实践验证阶段_2026.01-12/05_课程研究数据平台/演示测评数据_30人.csv,.csv,1837,通过,UTF-8/结构可读,项目材料,按现行口径或用途核对
03_实践验证阶段_2026.01-12/05_课程研究数据平台/演示测评数据_60人.csv,.csv,4099,通过,UTF-8/结构可读,项目材料,按现行口径或用途核对
04_成果固化阶段_2027.01-06/.DS_Store,[无],14340,通过,非空二进制/辅助文件,系统元数据,不作为送审材料
04_成果固化阶段_2027.01-06/01_对比测评/对比测评方案框架.md,.md,799,通过,UTF-8/结构可读,项目材料,按现行口径或用途核对
04_成果固化阶段_2027.01-06/02_课程评价指标体系/评价指标体系框架.md,.md,891,通过,UTF-8/结构可读,项目材料,按现行口径或用途核对
04_成果固化阶段_2027.01-06/03_校本教材/校本教材编写框架.md,.md,1020,通过,UTF-8/结构可读,项目材料,按现行口径或用途核对
04_成果固化阶段_2027.01-06/04_推广方案/推广方案框架.md,.md,832,通过,UTF-8/结构可读,项目材料,按现行口径或用途核对
05_研究成果/.DS_Store,[无],14340,通过,非空二进制/辅助文件,系统元数据,不作为送审材料
05_研究成果/01_文本成果/学生实践手册与评价工具包框架.md,.md,900,通过,UTF-8/结构可读,项目材料,按现行口径或用途核对
05_研究成果/01_文本成果/校本课程标准框架.md,.md,790,通过,UTF-8/结构可读,项目材料,按现行口径或用途核对
05_研究成果/01_文本成果/跨学科实践教学案例集框架.md,.md,827,通过,UTF-8/结构可读,项目材料,按现行口径或用途核对
05_研究成果/02_实践成果/学生创新作品成果展框架.md,.md,643,通过,UTF-8/结构可读,项目材料,按现行口径或用途核对
05_研究成果/02_实践成果/教师STEAM教学能力提升报告框架.md,.md,475,通过,UTF-8/结构可读,项目材料,按现行口径或用途核对
05_研究成果/02_实践成果/课程实施效果评估报告框架.md,.md,560,通过,UTF-8/结构可读,项目材料,按现行口径或用途核对
05_研究成果/03_学术成果/.DS_Store,[无],8196,通过,非空二进制/辅助文件,系统元数据,不作为送审材料
05_研究成果/03_学术成果/现有论文成果/00_成果核对总表.md,.md,2922,通过,UTF-8/结构可读,项目材料,按现行口径或用途核对
05_研究成果/03_学术成果/现有论文成果/A_智慧引航/智慧引航_2025年8月第23期_封面与检索页.pdf,.pdf,544682,通过,2页,项目材料,按现行口径或用途核对
05_研究成果/03_学术成果/现有论文成果/B_新视线/新视线教育与研究_荣誉证书.jpg,.jpg,173625,通过,图像可解码,项目材料,按现行口径或用途核对
05_研究成果/03_学术成果/现有论文成果/B_新视线/立足实践视角的高中技术与工程教学探究_正文页.pdf,.pdf,1322383,通过,1页,项目材料,按现行口径或用途核对
05_研究成果/03_学术成果/现有论文成果/C_陶行知奖/江苏省陶行知研究会_三等奖证书.jpg,.jpg,267053,通过,图像可解码,项目材料,按现行口径或用途核对
05_研究成果/03_学术成果/现有论文成果/D_盐城教科院奖/盐城市教育科学研究院_二等奖证书.jpg,.jpg,545348,通过,图像可解码,项目材料,按现行口径或用途核对
05_研究成果/03_学术成果/论文发表计划.md,.md,759,通过,UTF-8/结构可读,项目材料,按现行口径或用途核对
05_研究成果/04_阶段性成果/阶段性成果清单.md,.md,1396,通过,UTF-8/结构可读,项目材料,按现行口径或用途核对
06_课题基础材料/.DS_Store,[无],6148,通过,非空二进制/辅助文件,系统元数据,不作为送审材料
06_课题基础材料/01_课题申报书/01_课题申报表_王华军吴海燕_修改版.docx,.docx,64707,通过,压缩结构完整,法定或历史原件,核对完整性，不改原件
06_课题基础材料/01_课题申报书/01_配套_校本课程材料框架与核心内容示例_立项名称版.pdf,.pdf,397305,通过,4页,法定或历史原件,核对完整性，不改原件
06_课题基础材料/02_市教育学会立项批复/02_2024年度十四五教育科研规划课题评审结果_公示.pdf,.pdf,1019964,通过,11页,法定或历史原件,核对完整性，不改原件
06_课题基础材料/02_市教育学会立项批复/02_立项批复_2024B-178_扫描页.png,.png,147399,通过,图像可解码,法定或历史原件,核对完整性，不改原件
06_课题基础材料/02_市教育学会立项批复/02_立项课题名单_东台.et,.et,25088,通过,压缩结构完整,法定或历史原件,核对完整性，不改原件
06_课题基础材料/02_市教育学会立项批复/材料说明.txt,.txt,658,通过,UTF-8/结构可读,法定或历史原件,核对完整性，不改原件
06_课题基础材料/03_开题报告/03_开题报告_立项名称版.pptx,.pptx,40515123,通过,压缩结构完整,法定或历史原件,核对完整性，不改原件
06_课题基础材料/03_开题报告/03_开题报告与论证合卷.pdf,.pdf,602324,通过,18页,法定或历史原件,核对完整性，不改原件
06_课题基础材料/03_开题报告/材料说明.txt,.txt,494,通过,UTF-8/结构可读,法定或历史原件,核对完整性，不改原件
06_课题基础材料/04_开题论证书/04_开题论证书_吴海燕修改最后正式版.pdf,.pdf,493693,通过,18页,法定或历史原件,核对完整性，不改原件
06_课题基础材料/04_开题论证书/材料说明.txt,.txt,537,通过,UTF-8/结构可读,法定或历史原件,核对完整性，不改原件
06_课题基础材料/05_中期检查通知/08_中期检查通知.doc,.doc,60928,通过,OLE文档头正常,法定或历史原件,核对完整性，不改原件
06_课题基础材料/05_中期检查通知/08_中期检查通知.pdf,.pdf,2342191,通过,7页,法定或历史原件,核对完整性，不改原件
06_课题基础材料/06_中期检查表_待签章/待补说明.txt,.txt,157,通过,UTF-8/结构可读,法定或历史原件,核对完整性，不改原件
06_课题基础材料/07_中期研究报告/07_中期研究报告及检查评估材料_正式稿.docx,.docx,64209,通过,压缩结构完整,法定或历史原件,核对完整性，不改原件
06_课题基础材料/07_中期研究报告/07_中期研究报告及检查评估材料_现行21课时口径修订版.docx,.docx,64559,通过,压缩结构完整,现行修订/说明,已按新网站和新PPT转换
06_课题基础材料/07_中期研究报告/中期报告与开题论证书差异说明.md,.md,2035,通过,UTF-8/结构可读,现行修订/说明,已按新网站和新PPT转换
_项目管理/00_项目总览.md,.md,1187,通过,UTF-8/结构可读,项目材料,按现行口径或用途核对
_项目管理/01_任务总表.md,.md,1690,通过,UTF-8/结构可读,项目材料,按现行口径或用途核对
_项目管理/02_送审核验清单.md,.md,1887,通过,UTF-8/结构可读,项目材料,按现行口径或用途核对
_项目管理/03_示例标注清单与替换指南.md,.md,1292,通过,UTF-8/结构可读,项目材料,按现行口径或用途核对
